countid,hour,vehicles
777806,0,900
777806,1,584
777806,2,498
777806,3,445
777806,4,604
777806,5,1145
777806,6,2047
777806,7,2289
777806,8,2171
777806,9,2201
777806,10,2275
777806,11,2460
777806,12,2801
777806,13,3125
777806,14,3371
777806,15,3010
777806,16,2727
777806,17,2693
777806,18,2948
777806,19,2982
777806,20,2401
777806,21,1941
777806,22,1512
777806,23,1432
777810,0,353
777810,1,334
777810,2,586
777810,3,1383
777810,4,3343
777810,5,2871
777810,6,2924
777810,7,2849
777810,8,2805
777810,9,2754
777810,10,2681
777810,11,2666
777810,12,2808
777810,13,2934
777810,14,2700
777810,15,2722
777810,16,2685
777810,17,2604
777810,18,2130
777810,19,1667
777810,20,1482
777810,21,1429
777810,22,883
777810,23,548
777813,0,264
777813,1,154
777813,2,126
777813,3,138
777813,4,238
777813,5,510
777813,6,1038
777813,7,1296
777813,8,1292
777813,9,1269
777813,10,1262
777813,11,1392
777813,12,1522
777813,13,1636
777813,14,1884
777813,15,2083
777813,16,2098
777813,17,2073
777813,18,1726
777813,19,1406
777813,20,1202
777813,21,915
777813,22,561
777813,23,483
777817,0,681
777817,1,508
777817,2,450
777817,3,502
777817,4,708
777817,5,1142
777817,6,1936
777817,7,2560
777817,8,2424
777817,9,2401
777817,10,2528
777817,11,2696
777817,12,2582
777817,13,2561
777817,14,2864
777817,15,3214
777817,16,3301
777817,17,3243
777817,18,2687
777817,19,2154
777817,20,1804
777817,21,1465
777817,22,1147
777817,23,1011
777818,0,262
777818,1,148
777818,2,116
777818,3,139
777818,4,249
777818,5,563
777818,6,1039
777818,7,1316
777818,8,1326
777818,9,1314
777818,10,1305
777818,11,1442
777818,12,1548
777818,13,1667
777818,14,1928
777818,15,2106
777818,16,2134
777818,17,2095
777818,18,1749
777818,19,1438
777818,20,1253
777818,21,937
777818,22,562
777818,23,448
777819,0,117
777819,1,96
777819,2,157
777819,3,394
777819,4,1115
777819,5,1328
777819,6,2192
777819,7,2348
777819,8,1885
777819,9,1680
777819,10,1539
777819,11,1422
777819,12,1460
777819,13,1452
777819,14,1481
777819,15,1536
777819,16,1506
777819,17,1418
777819,18,1183
777819,19,931
777819,20,743
777819,21,583
777819,22,365
777819,23,203
777822,0,130
777822,1,101
777822,2,159
777822,3,408
777822,4,1217
777822,5,1598
777822,6,2464
777822,7,2679
777822,8,2176
777822,9,1920
777822,10,1763
777822,11,1663
777822,12,1678
777822,13,1666
777822,14,1771
777822,15,1799
777822,16,1761
777822,17,1675
777822,18,1471
777822,19,1106
777822,20,888
777822,21,676
777822,22,415
777822,23,220
777830,0,241
777830,1,142
777830,2,117
777830,3,120
777830,4,206
777830,5,453
777830,6,883
777830,7,1124
777830,8,1143
777830,9,1180
777830,10,1187
777830,11,1314
777830,12,1417
777830,13,1537
777830,14,1794
777830,15,1936
777830,16,1962
777830,17,1891
777830,18,1599
777830,19,1364
777830,20,1201
777830,21,889
777830,22,534
777830,23,430
777831,0,116
777831,1,96
777831,2,164
777831,3,424
777831,4,1334
777831,5,1846
777831,6,2514
777831,7,2665
777831,8,2211
777831,9,1971
777831,10,1814
777831,11,1704
777831,12,1719
777831,13,1722
777831,14,1786
777831,15,1838
777831,16,1810
777831,17,1734
777831,18,1508
777831,19,1154
777831,20,906
777831,21,665
777831,22,425
777831,23,220
777832,0,600
777832,1,427
777832,2,369
777832,3,398
777832,4,584
777832,5,1056
777832,6,1873
777832,7,2621
777832,8,2365
777832,9,2272
777832,10,2337
777832,11,2563
777832,12,2496
777832,13,2587
777832,14,2912
777832,15,3398
777832,16,3638
777832,17,3591
777832,18,2965
777832,19,2210
777832,20,1823
777832,21,1451
777832,22,1097
777832,23,925
777843,0,473
777843,1,393
777843,2,431
777843,3,798
777843,4,2167
777843,5,3823
777843,6,4882
777843,7,4793
777843,8,4240
777843,9,3779
777843,10,3419
777843,11,3481
777843,12,3714
777843,13,3668
777843,14,3790
777843,15,3856
777843,16,3868
777843,17,3634
777843,18,2952
777843,19,2189
777843,20,1958
777843,21,1630
777843,22,1113
777843,23,711
777849,0,131
777849,1,83
777849,2,146
777849,3,296
777849,4,815
777849,5,1093
777849,6,1634
777849,7,1881
777849,8,1755
777849,9,1610
777849,10,1501
777849,11,1425
777849,12,1439
777849,13,1469
777849,14,1602
777849,15,1746
777849,16,1976
777849,17,1755
777849,18,1301
777849,19,871
777849,20,630
777849,21,502
777849,22,308
777849,23,179
777852,0,146
777852,1,103
777852,2,178
777852,3,417
777852,4,1166
777852,5,1531
777852,6,2018
777852,7,2143
777852,8,2239
777852,9,2120
777852,10,1928
777852,11,1814
777852,12,1754
777852,13,1773
777852,14,1924
777852,15,1991
777852,16,2064
777852,17,1916
777852,18,1453
777852,19,1009
777852,20,751
777852,21,599
777852,22,379
777852,23,213
777862,0,714
777862,1,485
777862,2,412
777862,3,450
777862,4,709
777862,5,1629
777862,6,3180
777862,7,4259
777862,8,3723
777862,9,3462
777862,10,3602
777862,11,3964
777862,12,3783
777862,13,3866
777862,14,4371
777862,15,4856
777862,16,4813
777862,17,4551
777862,18,4026
777862,19,3247
777862,20,2669
777862,21,2086
777862,22,1450
777862,23,1167
777892,0,169
777892,1,112
777892,2,191
777892,3,443
777892,4,1298
777892,5,1840
777892,6,2631
777892,7,3229
777892,8,3092
777892,9,2828
777892,10,2618
777892,11,2500
777892,12,2469
777892,13,2430
777892,14,2652
777892,15,2655
777892,16,2870
777892,17,2645
777892,18,1976
777892,19,1391
777892,20,1005
777892,21,792
777892,22,480
777892,23,262
777896,0,489
777896,1,401
777896,2,425
777896,3,708
777896,4,1652
777896,5,2382
777896,6,3106
777896,7,3190
777896,8,2771
777896,9,2543
777896,10,2392
777896,11,2585
777896,12,2566
777896,13,2606
777896,14,2690
777896,15,2725
777896,16,2671
777896,17,2685
777896,18,2348
777896,19,1803
777896,20,1657
777896,21,1424
777896,22,1019
777896,23,674
777898,0,330
777898,1,204
777898,2,160
777898,3,181
777898,4,407
777898,5,996
777898,6,1578
777898,7,1931
777898,8,2060
777898,9,1923
777898,10,1859
777898,11,1949
777898,12,2059
777898,13,2231
777898,14,2567
777898,15,3003
777898,16,3157
777898,17,3196
777898,18,2402
777898,19,1815
777898,20,1498
777898,21,1175
777898,22,790
777898,23,614
777905,0,87
777905,1,60
777905,2,98
777905,3,225
777905,4,706
777905,5,996
777905,6,1409
777905,7,1710
777905,8,1545
777905,9,1383
777905,10,1264
777905,11,1192
777905,12,1178
777905,13,1156
777905,14,1264
777905,15,1278
777905,16,1410
777905,17,1324
777905,18,969
777905,19,688
777905,20,512
777905,21,420
777905,22,264
777905,23,140
777908,0,87
777908,1,61
777908,2,98
777908,3,228
777908,4,716
777908,5,1007
777908,6,1212
777908,7,1444
777908,8,1513
777908,9,1387
777908,10,1258
777908,11,1176
777908,12,1161
777908,13,1141
777908,14,1229
777908,15,1270
777908,16,1387
777908,17,1302
777908,18,952
777908,19,672
777908,20,500
777908,21,418
777908,22,266
777908,23,140
777909,0,655
777909,1,445
777909,2,390
777909,3,445
777909,4,710
777909,5,1828
777909,6,2110
777909,7,2385
777909,8,2414
777909,9,2330
777909,10,2374
777909,11,2382
777909,12,2491
777909,13,2422
777909,14,2623
777909,15,2747
777909,16,2439
777909,17,2159
777909,18,2490
777909,19,2356
777909,20,2082
777909,21,1722
777909,22,1288
777909,23,1047
777911,0,474
777911,1,388
777911,2,415
777911,3,685
777911,4,1580
777911,5,2173
777911,6,2672
777911,7,2754
777911,8,2408
777911,9,2272
777911,10,2129
777911,11,2311
777911,12,2300
777911,13,2392
777911,14,2370
777911,15,2224
777911,16,1780
777911,17,1945
777911,18,2057
777911,19,1707
777911,20,1576
777911,21,1364
777911,22,993
777911,23,659
777916,0,180
777916,1,106
777916,2,86
777916,3,96
777916,4,214
777916,5,529
777916,6,850
777916,7,1080
777916,8,1150
777916,9,1030
777916,10,986
777916,11,1038
777916,12,1117
777916,13,1198
777916,14,1374
777916,15,1532
777916,16,1610
777916,17,1624
777916,18,1266
777916,19,980
777916,20,808
777916,21,630
777916,22,422
777916,23,334
777922,0,102
777922,1,69
777922,2,101
777922,3,228
777922,4,701
777922,5,1067
777922,6,1573
777922,7,1880
777922,8,1740
777922,9,1512
777922,10,1368
777922,11,1299
777922,12,1286
777922,13,1281
777922,14,1408
777922,15,1488
777922,16,1614
777922,17,1544
777922,18,1124
777922,19,798
777922,20,616
777922,21,506
777922,22,320
777922,23,177
777923,0,635
777923,1,429
777923,2,377
777923,3,437
777923,4,700
777923,5,1838
777923,6,2232
777923,7,2553
777923,8,2516
777923,9,2328
777923,10,2361
777923,11,2388
777923,12,2397
777923,13,2366
777923,14,2575
777923,15,2766
777923,16,2606
777923,17,2409
777923,18,2401
777923,19,2230
777923,20,1988
777923,21,1650
777923,22,1236
777923,23,999
777932,0,77
777932,1,56
777932,2,94
777932,3,220
777932,4,692
777932,5,990
777932,6,1221
777932,7,1494
777932,8,1362
777932,9,1230
777932,10,1113
777932,11,1020
777932,12,1006
777932,13,990
777932,14,1026
777932,15,1060
777932,16,1130
777932,17,1080
777932,18,821
777932,19,581
777932,20,426
777932,21,360
777932,22,239
777932,23,127
777934,0,544
777934,1,443
777934,2,452
777934,3,720
777934,4,1661
777934,5,2201
777934,6,2740
777934,7,3031
777934,8,2721
777934,9,2667
777934,10,2527
777934,11,2844
777934,12,2639
777934,13,2654
777934,14,2857
777934,15,2917
777934,16,2513
777934,17,2524
777934,18,2547
777934,19,2016
777934,20,1778
777934,21,1530
777934,22,1115
777934,23,767
777935,0,727
777935,1,476
777935,2,418
777935,3,489
777935,4,917
777935,5,3100
777935,6,4155
777935,7,4719
777935,8,4384
777935,9,3815
777935,10,3772
777935,11,3929
777935,12,4104
777935,13,4040
777935,14,4233
777935,15,4359
777935,16,4011
777935,17,3677
777935,18,3562
777935,19,3167
777935,20,2789
777935,21,2213
777935,22,1565
777935,23,1202
777937,0,207
777937,1,122
777937,2,100
777937,3,114
777937,4,245
777937,5,590
777937,6,938
777937,7,1238
777937,8,1324
777937,9,1186
777937,10,1128
777937,11,1186
777937,12,1304
777937,13,1404
777937,14,1642
777937,15,1933
777937,16,2169
777937,17,2124
777937,18,1516
777937,19,1156
777937,20,960
777937,21,734
777937,22,489
777937,23,376
777940,0,721
777940,1,487
777940,2,429
777940,3,482
777940,4,814
777940,5,2313
777940,6,2800
777940,7,2948
777940,8,2856
777940,9,2583
777940,10,2579
777940,11,2542
777940,12,2756
777940,13,2671
777940,14,2755
777940,15,2810
777940,16,2806
777940,17,2631
777940,18,2578
777940,19,2480
777940,20,2258
777940,21,1891
777940,22,1453
777940,23,1152
777947,0,88
777947,1,62
777947,2,100
777947,3,232
777947,4,734
777947,5,1054
777947,6,1519
777947,7,1844
777947,8,1546
777947,9,1366
777947,10,1225
777947,11,1129
777947,12,1129
777947,13,1114
777947,14,1154
777947,15,1198
777947,16,1254
777947,17,1203
777947,18,926
777947,19,676
777947,20,500
777947,21,419
777947,22,275
777947,23,144
777954,0,207
777954,1,120
777954,2,97
777954,3,102
777954,4,212
777954,5,536
777954,6,842
777954,7,1103
777954,8,1178
777954,9,1062
777954,10,1038
777954,11,1082
777954,12,1171
777954,13,1265
777954,14,1512
777954,15,1742
777954,16,1840
777954,17,1983
777954,18,1458
777954,19,1114
777954,20,924
777954,21,714
777954,22,491
777954,23,376
777957,0,563
777957,1,456
777957,2,475
777957,3,783
777957,4,1844
777957,5,2476
777957,6,3041
777957,7,3270
777957,8,3030
777957,9,2857
777957,10,2796
777957,11,3008
777957,12,3015
777957,13,3037
777957,14,3296
777957,15,3378
777957,16,3393
777957,17,3359
777957,18,2905
777957,19,2225
777957,20,1941
777957,21,1639
777957,22,1197
777957,23,810
777958,0,191
777958,1,112
777958,2,92
777958,3,97
777958,4,201
777958,5,506
777958,6,782
777958,7,988
777958,8,1066
777958,9,958
777958,10,931
777958,11,962
777958,12,1032
777958,13,1116
777958,14,1323
777958,15,1581
777958,16,1682
777958,17,1728
777958,18,1292
777958,19,998
777958,20,829
777958,21,647
777958,22,448
777958,23,348
777969,0,523
777969,1,422
777969,2,449
777969,3,748
777969,4,1779
777969,5,2373
777969,6,2817
777969,7,3022
777969,8,2839
777969,9,2696
777969,10,2633
777969,11,2791
777969,12,2635
777969,13,2874
777969,14,3112
777969,15,3220
777969,16,3170
777969,17,3154
777969,18,2750
777969,19,2107
777969,20,1842
777969,21,1544
777969,22,1122
777969,23,765
777980,0,716
777980,1,481
777980,2,423
777980,3,462
777980,4,759
777980,5,2069
777980,6,2791
777980,7,3065
777980,8,2770
777980,9,2564
777980,10,2596
777980,11,2585
777980,12,2511
777980,13,2730
777980,14,2827
777980,15,2948
777980,16,2688
777980,17,2592
777980,18,2534
777980,19,2466
777980,20,2259
777980,21,1851
777980,22,1425
777980,23,1153
777983,0,659
777983,1,517
777983,2,530
777983,3,885
777983,4,2256
777983,5,3386
777983,6,4311
777983,7,4853
777983,8,4462
777983,9,4273
777983,10,4166
777983,11,4514
777983,12,4496
777983,13,4571
777983,14,5047
777983,15,5408
777983,16,5490
777983,17,5264
777983,18,4323
777983,19,3121
777983,20,2659
777983,21,2157
777983,22,1499
777983,23,1016
777984,0,142
777984,1,103
777984,2,136
777984,3,282
777984,4,850
777984,5,1250
777984,6,1794
777984,7,1963
777984,8,1724
777984,9,1657
777984,10,1586
777984,11,1574
777984,12,1610
777984,13,1592
777984,14,1632
777984,15,1614
777984,16,1635
777984,17,1620
777984,18,1348
777984,19,1110
777984,20,907
777984,21,729
777984,22,480
777984,23,254
777988,0,273
777988,1,162
777988,2,134
777988,3,132
777988,4,269
777988,5,673
777988,6,1118
777988,7,1586
777988,8,1751
777988,9,1530
777988,10,1436
777988,11,1462
777988,12,1526
777988,13,1618
777988,14,1842
777988,15,2154
777988,16,2300
777988,17,2283
777988,18,1884
777988,19,1405
777988,20,1160
777988,21,903
777988,22,624
777988,23,478
777989,0,878
777989,1,596
777989,2,509
777989,3,555
777989,4,967
777989,5,2963
777989,6,4441
777989,7,5040
777989,8,4457
777989,9,4077
777989,10,4024
777989,11,4106
777989,12,4266
777989,13,4231
777989,14,4428
777989,15,4687
777989,16,4440
777989,17,4180
777989,18,3849
777989,19,3517
777989,20,3147
777989,21,2533
777989,22,1872
777989,23,1445
777994,0,423
777994,1,341
777994,2,359
777994,3,696
777994,4,2231
777994,5,3296
777994,6,3956
777994,7,4415
777994,8,3780
777994,9,3733
777994,10,3418
777994,11,3828
777994,12,3843
777994,13,3871
777994,14,4274
777994,15,4815
777994,16,5176
777994,17,5074
777994,18,3793
777994,19,2377
777994,20,1880
777994,21,1626
777994,22,1070
777994,23,667
778000,0,324
778000,1,192
778000,2,152
778000,3,151
778000,4,308
778000,5,740
778000,6,1265
778000,7,1769
778000,8,1912
778000,9,1694
778000,10,1582
778000,11,1582
778000,12,1647
778000,13,1748
778000,14,1980
778000,15,2302
778000,16,2432
778000,17,2502
778000,18,2080
778000,19,1580
778000,20,1312
778000,21,1040
778000,22,738
778000,23,568
778012,0,687
778012,1,444
778012,2,368
778012,3,383
778012,4,659
778012,5,1926
778012,6,3087
778012,7,3656
778012,8,3016
778012,9,2967
778012,10,2951
778012,11,3156
778012,12,3275
778012,13,3264
778012,14,3428
778012,15,3699
778012,16,3524
778012,17,3357
778012,18,2968
778012,19,2674
778012,20,2302
778012,21,1946
778012,22,1457
778012,23,1144
778015,0,761
778015,1,608
778015,2,650
778015,3,1159
778015,4,3123
778015,5,4513
778015,6,5293
778015,7,5693
778015,8,5309
778015,9,5265
778015,10,5090
778015,11,5284
778015,12,5283
778015,13,5315
778015,14,5607
778015,15,5873
778015,16,6183
778015,17,6100
778015,18,5078
778015,19,3746
778015,20,3152
778015,21,2652
778015,22,1838
778015,23,1222
778019,0,379
778019,1,271
778019,2,343
778019,3,682
778019,4,1824
778019,5,2158
778019,6,2621
778019,7,2534
778019,8,2462
778019,9,2565
778019,10,2686
778019,11,2641
778019,12,2535
778019,13,2664
778019,14,2578
778019,15,2315
778019,16,2291
778019,17,2412
778019,18,2660
778019,19,2375
778019,20,2079
778019,21,1803
778019,22,1208
778019,23,689
778022,0,443
778022,1,290
778022,2,255
778022,3,298
778022,4,648
778022,5,1321
778022,6,2081
778022,7,2523
778022,8,2422
778022,9,2242
778022,10,2303
778022,11,2521
778022,12,2723
778022,13,2844
778022,14,3203
778022,15,3452
778022,16,3467
778022,17,3314
778022,18,2851
778022,19,2209
778022,20,1997
778022,21,1617
778022,22,1070
778022,23,744
778028,0,520
778028,1,406
778028,2,458
778028,3,856
778028,4,2573
778028,5,3569
778028,6,4068
778028,7,4424
778028,8,4134
778028,9,3940
778028,10,3708
778028,11,3809
778028,12,3844
778028,13,3908
778028,14,4065
778028,15,4302
778028,16,4434
778028,17,4351
778028,18,3569
778028,19,2524
778028,20,2137
778028,21,1826
778028,22,1259
778028,23,820
778034,0,1065
778034,1,677
778034,2,578
778034,3,594
778034,4,1011
778034,5,2566
778034,6,4178
778034,7,5013
778034,8,4553
778034,9,4395
778034,10,4549
778034,11,4739
778034,12,4937
778034,13,4977
778034,14,5179
778034,15,5662
778034,16,5564
778034,17,5339
778034,18,4828
778034,19,4226
778034,20,3772
778034,21,3074
778034,22,2261
778034,23,1724
778046,0,1285
778046,1,821
778046,2,704
778046,3,713
778046,4,1140
778046,5,2571
778046,6,4280
778046,7,5045
778046,8,4787
778046,9,4722
778046,10,4911
778046,11,5047
778046,12,5161
778046,13,5255
778046,14,5479
778046,15,5760
778046,16,5705
778046,17,5606
778046,18,5203
778046,19,4612
778046,20,4002
778046,21,3328
778046,22,2614
778046,23,2035
778052,0,804
778052,1,640
778052,2,718
778052,3,1252
778052,4,3256
778052,5,4479
778052,6,5140
778052,7,5262
778052,8,4906
778052,9,4791
778052,10,4586
778052,11,4622
778052,12,4687
778052,13,4754
778052,14,4902
778052,15,5101
778052,16,5189
778052,17,5045
778052,18,4345
778052,19,3297
778052,20,2905
778052,21,2536
778052,22,1720
778052,23,1243
778059,0,1266
778059,1,794
778059,2,707
778059,3,733
778059,4,1187
778059,5,2810
778059,6,4508
778059,7,5357
778059,8,4952
778059,9,4841
778059,10,5009
778059,11,5179
778059,12,5379
778059,13,5460
778059,14,5640
778059,15,6144
778059,16,6089
778059,17,5902
778059,18,5393
778059,19,4759
778059,20,4222
778059,21,3470
778059,22,2490
778059,23,2010
778063,0,941
778063,1,769
778063,2,839
778063,3,1325
778063,4,3019
778063,5,4763
778063,6,5759
778063,7,6036
778063,8,5811
778063,9,5663
778063,10,5372
778063,11,5341
778063,12,5475
778063,13,5410
778063,14,5545
778063,15,5647
778063,16,5810
778063,17,5830
778063,18,5091
778063,19,3894
778063,20,3351
778063,21,2920
778063,22,2120
778063,23,1478
778107,0,710
778107,1,575
778107,2,723
778107,3,1506
778107,4,3873
778107,5,4592
778107,6,4592
778107,7,4582
778107,8,4584
778107,9,4622
778107,10,4420
778107,11,4401
778107,12,4493
778107,13,4616
778107,14,4625
778107,15,4769
778107,16,4827
778107,17,4833
778107,18,3913
778107,19,3124
778107,20,2874
778107,21,2631
778107,22,1712
778107,23,1166
778109,0,336
778109,1,234
778109,2,215
778109,3,290
778109,4,652
778109,5,1355
778109,6,1979
778109,7,2176
778109,8,2047
778109,9,1877
778109,10,1931
778109,11,2079
778109,12,2274
778109,13,2446
778109,14,2800
778109,15,3049
778109,16,3211
778109,17,3268
778109,18,2430
778109,19,1708
778109,20,1561
778109,21,1264
778109,22,813
778109,23,558
778115,0,1362
778115,1,829
778115,2,728
778115,3,727
778115,4,1074
778115,5,2110
778115,6,3652
778115,7,4605
778115,8,4525
778115,9,4449
778115,10,4584
778115,11,4723
778115,12,4838
778115,13,5186
778115,14,5452
778115,15,5705
778115,16,5649
778115,17,5623
778115,18,5345
778115,19,4700
778115,20,3879
778115,21,3195
778115,22,2532
778115,23,2066
778119,0,291
778119,1,224
778119,2,229
778119,3,305
778119,4,654
778119,5,1794
778119,6,2730
778119,7,2952
778119,8,2693
778119,9,2398
778119,10,2153
778119,11,2057
778119,12,2064
778119,13,2034
778119,14,2150
778119,15,2277
778119,16,2249
778119,17,2136
778119,18,1829
778119,19,1553
778119,20,1201
778119,21,972
778119,22,686
778119,23,507
778143,0,409
778143,1,313
778143,2,308
778143,3,471
778143,4,1110
778143,5,1924
778143,6,2470
778143,7,2552
778143,8,2494
778143,9,2329
778143,10,2341
778143,11,2487
778143,12,2681
778143,13,2902
778143,14,3110
778143,15,3219
778143,16,3277
778143,17,3225
778143,18,2622
778143,19,1968
778143,20,1810
778143,21,1499
778143,22,967
778143,23,662
778144,0,1790
778144,1,1168
778144,2,956
778144,3,926
778144,4,1330
778144,5,2584
778144,6,4593
778144,7,6004
778144,8,5729
778144,9,5495
778144,10,5583
778144,11,5809
778144,12,5993
778144,13,6392
778144,14,6609
778144,15,6741
778144,16,6730
778144,17,6799
778144,18,6603
778144,19,5805
778144,20,4538
778144,21,3940
778144,22,3406
778144,23,2706
778149,0,42
778149,1,31
778149,2,47
778149,3,137
778149,4,337
778149,5,493
778149,6,598
778149,7,738
778149,8,728
778149,9,540
778149,10,591
778149,11,632
778149,12,657
778149,13,718
778149,14,821
778149,15,908
778149,16,1054
778149,17,950
778149,18,662
778149,19,364
778149,20,296
778149,21,220
778149,22,153
778149,23,81
778150,0,415
778150,1,307
778150,2,296
778150,3,371
778150,4,723
778150,5,1883
778150,6,3330
778150,7,3625
778150,8,2999
778150,9,2712
778150,10,2494
778150,11,2453
778150,12,2483
778150,13,2518
778150,14,2791
778150,15,2927
778150,16,2890
778150,17,2771
778150,18,2482
778150,19,2162
778150,20,1635
778150,21,1307
778150,22,941
778150,23,706
778152,0,108
778152,1,65
778152,2,39
778152,3,53
778152,4,134
778152,5,387
778152,6,700
778152,7,726
778152,8,787
778152,9,532
778152,10,523
778152,11,612
778152,12,671
778152,13,700
778152,14,820
778152,15,982
778152,16,931
778152,17,913
778152,18,786
778152,19,534
778152,20,406
778152,21,281
778152,22,222
778152,23,174
778160,0,70
778160,1,49
778160,2,63
778160,3,137
778160,4,288
778160,5,471
778160,6,539
778160,7,562
778160,8,534
778160,9,588
778160,10,575
778160,11,632
778160,12,668
778160,13,671
778160,14,744
778160,15,855
778160,16,1014
778160,17,924
778160,18,667
778160,19,477
778160,20,369
778160,21,266
778160,22,175
778160,23,112
778162,0,117
778162,1,78
778162,2,49
778162,3,63
778162,4,127
778162,5,369
778162,6,596
778162,7,661
778162,8,535
778162,9,540
778162,10,527
778162,11,597
778162,12,670
778162,13,686
778162,14,816
778162,15,924
778162,16,870
778162,17,861
778162,18,780
778162,19,580
778162,20,413
778162,21,343
778162,22,262
778162,23,169
778166,0,283
778166,1,234
778166,2,288
778166,3,580
778166,4,1467
778166,5,2162
778166,6,2005
778166,7,1917
778166,8,1927
778166,9,1866
778166,10,1808
778166,11,1747
778166,12,1793
778166,13,1872
778166,14,1846
778166,15,1824
778166,16,1860
778166,17,1895
778166,18,1528
778166,19,1183
778166,20,1053
778166,21,982
778166,22,687
778166,23,496
778168,0,1616
778168,1,999
778168,2,812
778168,3,789
778168,4,1191
778168,5,2506
778168,6,4612
778168,7,5901
778168,8,5435
778168,9,5193
778168,10,5338
778168,11,5498
778168,12,5727
778168,13,6111
778168,14,6173
778168,15,6067
778168,16,5952
778168,17,5940
778168,18,5962
778168,19,5382
778168,20,4513
778168,21,3780
778168,22,3223
778168,23,2532
778173,0,64
778173,1,50
778173,2,68
778173,3,124
778173,4,299
778173,5,463
778173,6,612
778173,7,612
778173,8,530
778173,9,598
778173,10,571
778173,11,630
778173,12,649
778173,13,662
778173,14,637
778173,15,696
778173,16,825
778173,17,734
778173,18,630
778173,19,453
778173,20,347
778173,21,276
778173,22,176
778173,23,108
778176,0,281
778176,1,168
778176,2,164
778176,3,191
778176,4,340
778176,5,777
778176,6,866
778176,7,1011
778176,8,973
778176,9,960
778176,10,1126
778176,11,1197
778176,12,1322
778176,13,1392
778176,14,1670
778176,15,1885
778176,16,2179
778176,17,2314
778176,18,1980
778176,19,1516
778176,20,1143
778176,21,823
778176,22,693
778176,23,521
778177,0,305
778177,1,201
778177,2,166
778177,3,194
778177,4,347
778177,5,811
778177,6,878
778177,7,981
778177,8,933
778177,9,993
778177,10,1021
778177,11,1242
778177,12,1444
778177,13,1540
778177,14,1703
778177,15,1976
778177,16,2304
778177,17,2397
778177,18,1962
778177,19,1471
778177,20,1203
778177,21,974
778177,22,663
778177,23,486
778178,0,152
778178,1,129
778178,2,213
778178,3,476
778178,4,1117
778178,5,1503
778178,6,1995
778178,7,1894
778178,8,1680
778178,9,1463
778178,10,1359
778178,11,1368
778178,12,1400
778178,13,1471
778178,14,1447
778178,15,1373
778178,16,1342
778178,17,1260
778178,18,1086
778178,19,847
778178,20,704
778178,21,534
778178,22,370
778178,23,299
778179,0,162
778179,1,114
778179,2,201
778179,3,417
778179,4,1020
778179,5,1397
778179,6,1912
778179,7,1948
778179,8,1584
778179,9,1428
778179,10,1316
778179,11,1284
778179,12,1333
778179,13,1328
778179,14,1374
778179,15,1394
778179,16,1359
778179,17,1220
778179,18,1017
778179,19,812
778179,20,675
778179,21,498
778179,22,372
778179,23,309
778181,0,152
778181,1,132
778181,2,233
778181,3,537
778181,4,1294
778181,5,1707
778181,6,2134
778181,7,1891
778181,8,1683
778181,9,1429
778181,10,1313
778181,11,1335
778181,12,1373
778181,13,1347
778181,14,1320
778181,15,1364
778181,16,1357
778181,17,1295
778181,18,1038
778181,19,733
778181,20,633
778181,21,506
778181,22,355
778181,23,278
778182,0,325
778182,1,183
778182,2,172
778182,3,169
778182,4,366
778182,5,740
778182,6,874
778182,7,986
778182,8,855
778182,9,912
778182,10,996
778182,11,1194
778182,12,1331
778182,13,1447
778182,14,1869
778182,15,2170
778182,16,2452
778182,17,2498
778182,18,2117
778182,19,1528
778182,20,1181
778182,21,920
778182,22,708
778182,23,522
778183,0,124
778183,1,70
778183,2,55
778183,3,52
778183,4,85
778183,5,270
778183,6,409
778183,7,451
778183,8,429
778183,9,456
778183,10,465
778183,11,545
778183,12,616
778183,13,660
778183,14,753
778183,15,820
778183,16,843
778183,17,893
778183,18,830
778183,19,657
778183,20,459
778183,21,404
778183,22,291
778183,23,208
778185,0,320
778185,1,189
778185,2,170
778185,3,193
778185,4,332
778185,5,701
778185,6,1003
778185,7,1100
778185,8,947
778185,9,1003
778185,10,1070
778185,11,1246
778185,12,1340
778185,13,1500
778185,14,1791
778185,15,2115
778185,16,2212
778185,17,2320
778185,18,2004
778185,19,1513
778185,20,1227
778185,21,966
778185,22,649
778185,23,523
778186,0,115
778186,1,128
778186,2,188
778186,3,401
778186,4,1179
778186,5,1548
778186,6,2012
778186,7,1990
778186,8,1668
778186,9,1518
778186,10,1442
778186,11,1337
778186,12,1365
778186,13,1397
778186,14,1400
778186,15,1478
778186,16,1351
778186,17,1264
778186,18,1074
778186,19,755
778186,20,582
778186,21,475
778186,22,368
778186,23,308
778189,0,141
778189,1,160
778189,2,200
778189,3,442
778189,4,1248
778189,5,1762
778189,6,2172
778189,7,2264
778189,8,2032
778189,9,1646
778189,10,1510
778189,11,1354
778189,12,1487
778189,13,1519
778189,14,1543
778189,15,1593
778189,16,1579
778189,17,1384
778189,18,1191
778189,19,833
778189,20,661
778189,21,489
778189,22,369
778189,23,331
778190,0,267
778190,1,191
778190,2,146
778190,3,182
778190,4,359
778190,5,651
778190,6,955
778190,7,1080
778190,8,1025
778190,9,1064
778190,10,975
778190,11,1247
778190,12,1371
778190,13,1513
778190,14,1835
778190,15,1987
778190,16,2160
778190,17,2163
778190,18,1950
778190,19,1619
778190,20,1185
778190,21,876
778190,22,688
778190,23,493
778191,0,137
778191,1,131
778191,2,186
778191,3,414
778191,4,1216
778191,5,1676
778191,6,1960
778191,7,1934
778191,8,1851
778191,9,1537
778191,10,1440
778191,11,1307
778191,12,1380
778191,13,1384
778191,14,1472
778191,15,1470
778191,16,1390
778191,17,1376
778191,18,1081
778191,19,758
778191,20,589
778191,21,479
778191,22,355
778191,23,307
778192,0,335
778192,1,207
778192,2,194
778192,3,206
778192,4,363
778192,5,684
778192,6,1023
778192,7,1173
778192,8,1095
778192,9,1158
778192,10,1197
778192,11,1406
778192,12,1562
778192,13,1679
778192,14,1934
778192,15,2208
778192,16,1218
778192,17,1949
778192,18,2117
778192,19,1557
778192,20,1372
778192,21,1026
778192,22,754
778192,23,533
778193,0,154
778193,1,160
778193,2,200
778193,3,446
778193,4,1245
778193,5,1685
778193,6,1999
778193,7,2042
778193,8,1983
778193,9,1671
778193,10,1521
778193,11,1445
778193,12,1564
778193,13,1548
778193,14,1554
778193,15,1564
778193,16,1541
778193,17,1421
778193,18,1264
778193,19,927
778193,20,798
778193,21,553
778193,22,438
778193,23,341
778203,0,383
778203,1,345
778203,2,394
778203,3,709
778203,4,1782
778203,5,2403
778203,6,2752
778203,7,2728
778203,8,2825
778203,9,2634
778203,10,2526
778203,11,2567
778203,12,2707
778203,13,2938
778203,14,2932
778203,15,2925
778203,16,3014
778203,17,2867
778203,18,2342
778203,19,1699
778203,20,1556
778203,21,1368
778203,22,879
778203,23,608
778205,0,1462
778205,1,859
778205,2,690
778205,3,695
778205,4,1056
778205,5,2256
778205,6,4110
778205,7,5184
778205,8,4812
778205,9,4624
778205,10,4851
778205,11,5023
778205,12,5229
778205,13,5565
778205,14,5514
778205,15,5180
778205,16,4970
778205,17,4929
778205,18,5143
778205,19,4827
778205,20,4100
778205,21,3478
778205,22,2931
778205,23,2296
778209,0,561
778209,1,403
778209,2,360
778209,3,393
778209,4,663
778209,5,1651
778209,6,2724
778209,7,3121
778209,8,2492
778209,9,2416
778209,10,2355
778209,11,2436
778209,12,2511
778209,13,2695
778209,14,3010
778209,15,3210
778209,16,3132
778209,17,2884
778209,18,2803
778209,19,2533
778209,20,1970
778209,21,1513
778209,22,1128
778209,23,889
778211,0,130
778211,1,75
778211,2,55
778211,3,48
778211,4,80
778211,5,199
778211,6,476
778211,7,702
778211,8,670
778211,9,700
778211,10,750
778211,11,767
778211,12,868
778211,13,873
778211,14,992
778211,15,1261
778211,16,1450
778211,17,1452
778211,18,1158
778211,19,713
778211,20,628
778211,21,456
778211,22,337
778211,23,252
778213,0,85
778213,1,51
778213,2,45
778213,3,67
778213,4,135
778213,5,270
778213,6,505
778213,7,698
778213,8,674
778213,9,621
778213,10,699
778213,11,663
778213,12,685
778213,13,729
778213,14,766
778213,15,941
778213,16,980
778213,17,979
778213,18,788
778213,19,511
778213,20,418
778213,21,305
778213,22,205
778213,23,166
778215,0,86
778215,1,58
778215,2,37
778215,3,55
778215,4,168
778215,5,403
778215,6,584
778215,7,581
778215,8,589
778215,9,549
778215,10,620
778215,11,650
778215,12,695
778215,13,734
778215,14,756
778215,15,861
778215,16,900
778215,17,859
778215,18,798
778215,19,674
778215,20,525
778215,21,449
778215,22,310
778215,23,163
778223,0,538
778223,1,399
778223,2,353
778223,3,373
778223,4,603
778223,5,1366
778223,6,2257
778223,7,2455
778223,8,2021
778223,9,1999
778223,10,2008
778223,11,2087
778223,12,2205
778223,13,2367
778223,14,2617
778223,15,2766
778223,16,2560
778223,17,2329
778223,18,2372
778223,19,2136
778223,20,1694
778223,21,1275
778223,22,1003
778223,23,818
778225,0,776
778225,1,539
778225,2,463
778225,3,454
778225,4,660
778225,5,1312
778225,6,2251
778225,7,2548
778225,8,2318
778225,9,2469
778225,10,2517
778225,11,2606
778225,12,2769
778225,13,2985
778225,14,3266
778225,15,3291
778225,16,2789
778225,17,2539
778225,18,2600
778225,19,2831
778225,20,2219
778225,21,1683
778225,22,1357
778225,23,1181
778226,0,77
778226,1,55
778226,2,50
778226,3,101
778226,4,226
778226,5,381
778226,6,588
778226,7,715
778226,8,589
778226,9,569
778226,10,583
778226,11,632
778226,12,651
778226,13,670
778226,14,741
778226,15,742
778226,16,724
778226,17,693
778226,18,560
778226,19,490
778226,20,361
778226,21,263
778226,22,213
778226,23,158
778227,0,436
778227,1,430
778227,2,639
778227,3,1228
778227,4,2859
778227,5,2014
778227,6,1943
778227,7,2071
778227,8,3054
778227,9,3047
778227,10,2913
778227,11,2914
778227,12,3030
778227,13,3210
778227,14,3197
778227,15,3186
778227,16,3080
778227,17,2921
778227,18,2414
778227,19,1851
778227,20,1719
778227,21,1559
778227,22,1036
778227,23,684
778231,0,98
778231,1,68
778231,2,44
778231,3,67
778231,4,148
778231,5,316
778231,6,431
778231,7,475
778231,8,554
778231,9,675
778231,10,706
778231,11,832
778231,12,819
778231,13,836
778231,14,889
778231,15,915
778231,16,929
778231,17,924
778231,18,824
778231,19,680
778231,20,567
778231,21,445
778231,22,299
778231,23,194
778241,0,320
778241,1,308
778241,2,495
778241,3,1075
778241,4,2655
778241,5,2957
778241,6,2769
778241,7,2705
778241,8,2745
778241,9,2524
778241,10,2331
778241,11,2378
778241,12,2500
778241,13,2685
778241,14,2682
778241,15,2726
778241,16,2723
778241,17,2615
778241,18,2083
778241,19,1642
778241,20,1491
778241,21,1315
778241,22,831
778241,23,527
778245,0,433
778245,1,381
778245,2,431
778245,3,718
778245,4,1585
778245,5,3114
778245,6,3638
778245,7,3494
778245,8,3191
778245,9,2722
778245,10,2405
778245,11,2418
778245,12,2536
778245,13,2523
778245,14,2524
778245,15,2550
778245,16,2638
778245,17,2580
778245,18,2009
778245,19,1628
778245,20,1476
778245,21,1216
778245,22,886
778245,23,601
778247,0,861
778247,1,596
778247,2,499
778247,3,505
778247,4,725
778247,5,1458
778247,6,2553
778247,7,2881
778247,8,2683
778247,9,2698
778247,10,2701
778247,11,2760
778247,12,2954
778247,13,3281
778247,14,3632
778247,15,3859
778247,16,3849
778247,17,3607
778247,18,3546
778247,19,3085
778247,20,2362
778247,21,1800
778247,22,1455
778247,23,1297
778248,0,357
778248,1,338
778248,2,552
778248,3,1209
778248,4,3097
778248,5,3352
778248,6,3179
778248,7,3033
778248,8,3058
778248,9,2787
778248,10,2585
778248,11,2631
778248,12,2779
778248,13,2945
778248,14,2943
778248,15,2999
778248,16,2927
778248,17,2728
778248,18,2228
778248,19,1671
778248,20,1568
778248,21,1407
778248,22,859
778248,23,565
778250,0,769
778250,1,501
778250,2,427
778250,3,431
778250,4,624
778250,5,1276
778250,6,2258
778250,7,2544
778250,8,2326
778250,9,2337
778250,10,2316
778250,11,2365
778250,12,2570
778250,13,2893
778250,14,3192
778250,15,3303
778250,16,3251
778250,17,2933
778250,18,3057
778250,19,2616
778250,20,2045
778250,21,1597
778250,22,1241
778250,23,1152
778254,0,375
778254,1,355
778254,2,568
778254,3,1234
778254,4,3158
778254,5,3503
778254,6,3388
778254,7,3296
778254,8,3246
778254,9,2921
778254,10,2728
778254,11,2777
778254,12,2918
778254,13,3116
778254,14,3121
778254,15,3176
778254,16,3115
778254,17,3001
778254,18,2366
778254,19,1843
778254,20,1664
778254,21,1443
778254,22,911
778254,23,586
778270,0,76
778270,1,49
778270,2,43
778270,3,89
778270,4,372
778270,5,618
778270,6,1002
778270,7,1346
778270,8,1132
778270,9,874
778270,10,918
778270,11,934
778270,12,1068
778270,13,1100
778270,14,1461
778270,15,1370
778270,16,1415
778270,17,1508
778270,18,1300
778270,19,994
778270,20,669
778270,21,422
778270,22,236
778270,23,157
778271,0,15
778271,1,5
778271,2,8
778271,3,8
778271,4,46
778271,5,70
778271,6,110
778271,7,146
778271,8,144
778271,9,101
778271,10,81
778271,11,98
778271,12,97
778271,13,101
778271,14,160
778271,15,249
778271,16,271
778271,17,269
778271,18,162
778271,19,72
778271,20,90
778271,21,50
778271,22,35
778271,23,17
778272,0,26
778272,1,13
778272,2,19
778272,3,21
778272,4,76
778272,5,123
778272,6,245
778272,7,352
778272,8,412
778272,9,310
778272,10,340
778272,11,362
778272,12,362
778272,13,339
778272,14,495
778272,15,606
778272,16,610
778272,17,641
778272,18,526
778272,19,337
778272,20,264
778272,21,141
778272,22,82
778272,23,45
778274,0,34
778274,1,23
778274,2,11
778274,3,24
778274,4,36
778274,5,54
778274,6,166
778274,7,473
778274,8,258
778274,9,202
778274,10,243
778274,11,263
778274,12,292
778274,13,264
778274,14,434
778274,15,367
778274,16,470
778274,17,438
778274,18,368
778274,19,307
778274,20,217
778274,21,150
778274,22,76
778274,23,51
778275,0,1
778275,1,2
778275,2,1
778275,3,1
778275,4,1
778275,5,5
778275,6,16
778275,7,51
778275,8,124
778275,9,154
778275,10,147
778275,11,69
778275,12,108
778275,13,56
778275,14,124
778275,15,158
778275,16,174
778275,17,135
778275,18,109
778275,19,70
778275,20,45
778275,21,22
778275,22,3
778275,23,7
778276,0,63
778276,1,50
778276,2,45
778276,3,97
778276,4,397
778276,5,657
778276,6,1027
778276,7,1302
778276,8,1123
778276,9,824
778276,10,855
778276,11,861
778276,12,1005
778276,13,1041
778276,14,1375
778276,15,1420
778276,16,1450
778276,17,1536
778276,18,1288
778276,19,967
778276,20,647
778276,21,422
778276,22,247
778276,23,155
778277,0,9
778277,1,3
778277,2,6
778277,3,6
778277,4,17
778277,5,45
778277,6,69
778277,7,90
778277,8,107
778277,9,64
778277,10,61
778277,11,58
778277,12,82
778277,13,69
778277,14,102
778277,15,155
778277,16,146
778277,17,147
778277,18,106
778277,19,74
778277,20,57
778277,21,23
778277,22,11
778277,23,7
778278,0,8
778278,1,9
778278,2,2
778278,3,7
778278,4,17
778278,5,29
778278,6,23
778278,7,51
778278,8,72
778278,9,37
778278,10,46
778278,11,44
778278,12,56
778278,13,51
778278,14,83
778278,15,64
778278,16,65
778278,17,63
778278,18,53
778278,19,36
778278,20,38
778278,21,47
778278,22,24
778278,23,14
778279,0,7
778279,1,9
778279,2,3
778279,3,3
778279,4,14
778279,5,22
778279,6,71
778279,7,110
778279,8,308
778279,9,86
778279,10,68
778279,11,76
778279,12,59
778279,13,72
778279,14,110
778279,15,279
778279,16,112
778279,17,121
778279,18,83
778279,19,62
778279,20,31
778279,21,26
778279,22,8
778279,23,14
778280,0,5
778280,1,6
778280,2,7
778280,3,6
778280,4,11
778280,5,17
778280,6,71
778280,7,120
778280,8,215
778280,9,87
778280,10,76
778280,11,90
778280,12,87
778280,13,83
778280,14,110
778280,15,226
778280,16,195
778280,17,230
778280,18,154
778280,19,77
778280,20,56
778280,21,35
778280,22,14
778280,23,12
778281,0,12
778281,1,6
778281,2,10
778281,3,9
778281,4,44
778281,5,70
778281,6,101
778281,7,121
778281,8,189
778281,9,102
778281,10,101
778281,11,88
778281,12,105
778281,13,118
778281,14,163
778281,15,261
778281,16,306
778281,17,327
778281,18,205
778281,19,111
778281,20,75
778281,21,43
778281,22,15
778281,23,17
778282,0,25
778282,1,7
778282,2,15
778282,3,33
778282,4,56
778282,5,117
778282,6,237
778282,7,288
778282,8,340
778282,9,284
778282,10,275
778282,11,292
778282,12,322
778282,13,330
778282,14,406
778282,15,487
778282,16,505
778282,17,535
778282,18,479
778282,19,277
778282,20,225
778282,21,134
778282,22,84
778282,23,34
778283,0,9
778283,1,0
778283,2,3
778283,3,1
778283,4,5
778283,5,7
778283,6,17
778283,7,13
778283,8,18
778283,9,21
778283,10,12
778283,11,7
778283,12,17
778283,13,18
778283,14,32
778283,15,21
778283,16,27
778283,17,30
778283,18,23
778283,19,17
778283,20,18
778283,21,8
778283,22,6
778283,23,1
778284,0,13
778284,1,8
778284,2,12
778284,3,47
778284,4,44
778284,5,91
778284,6,133
778284,7,204
778284,8,158
778284,9,164
778284,10,145
778284,11,194
778284,12,185
778284,13,194
778284,14,215
778284,15,222
778284,16,225
778284,17,220
778284,18,159
778284,19,98
778284,20,95
778284,21,34
778284,22,27
778284,23,13
778285,0,10
778285,1,11
778285,2,4
778285,3,14
778285,4,44
778285,5,77
778285,6,138
778285,7,169
778285,8,205
778285,9,155
778285,10,148
778285,11,174
778285,12,156
778285,13,179
778285,14,183
778285,15,278
778285,16,251
778285,17,242
778285,18,215
778285,19,152
778285,20,80
778285,21,56
778285,22,33
778285,23,14
778287,0,1
778287,1,1
778287,2,0
778287,3,0
778287,4,3
778287,5,4
778287,6,16
778287,7,57
778287,8,98
778287,9,140
778287,10,114
778287,11,65
778287,12,62
778287,13,53
778287,14,102
778287,15,116
778287,16,142
778287,17,74
778287,18,76
778287,19,38
778287,20,20
778287,21,11
778287,22,8
778287,23,5
778288,0,19
778288,1,11
778288,2,14
778288,3,20
778288,4,116
778288,5,221
778288,6,400
778288,7,514
778288,8,436
778288,9,308
778288,10,283
778288,11,314
778288,12,379
778288,13,376
778288,14,452
778288,15,659
778288,16,595
778288,17,561
778288,18,401
778288,19,222
778288,20,179
778288,21,142
778288,22,73
778288,23,56
778289,0,54
778289,1,45
778289,2,42
778289,3,89
778289,4,333
778289,5,461
778289,6,733
778289,7,977
778289,8,922
778289,9,640
778289,10,671
778289,11,666
778289,12,770
778289,13,794
778289,14,1017
778289,15,1114
778289,16,1109
778289,17,1153
778289,18,927
778289,19,763
778289,20,501
778289,21,302
778289,22,213
778289,23,131
778290,0,66
778290,1,56
778290,2,52
778290,3,105
778290,4,393
778290,5,573
778290,6,950
778290,7,1286
778290,8,1134
778290,9,883
778290,10,925
778290,11,943
778290,12,1023
778290,13,1024
778290,14,1295
778290,15,1420
778290,16,1390
778290,17,1468
778290,18,1198
778290,19,979
778290,20,611
778290,21,372
778290,22,253
778290,23,161
778291,0,15
778291,1,20
778291,2,11
778291,3,26
778291,4,78
778291,5,186
778291,6,363
778291,7,524
778291,8,480
778291,9,469
778291,10,504
778291,11,505
778291,12,528
778291,13,510
778291,14,589
778291,15,629
778291,16,703
778291,17,709
778291,18,557
778291,19,442
778291,20,337
778291,21,173
778291,22,96
778291,23,51
778294,0,4
778294,1,5
778294,2,3
778294,3,7
778294,4,19
778294,5,20
778294,6,46
778294,7,45
778294,8,88
778294,9,40
778294,10,36
778294,11,38
778294,12,51
778294,13,54
778294,14,66
778294,15,101
778294,16,83
778294,17,83
778294,18,60
778294,19,52
778294,20,35
778294,21,16
778294,22,16
778294,23,10
778295,0,22
778295,1,22
778295,2,15
778295,3,26
778295,4,110
778295,5,216
778295,6,422
778295,7,430
778295,8,384
778295,9,346
778295,10,377
778295,11,362
778295,12,397
778295,13,418
778295,14,534
778295,15,586
778295,16,730
778295,17,667
778295,18,555
778295,19,410
778295,20,329
778295,21,188
778295,22,100
778295,23,66
778296,0,48
778296,1,24
778296,2,21
778296,3,51
778296,4,140
778296,5,513
778296,6,456
778296,7,438
778296,8,273
778296,9,252
778296,10,282
778296,11,246
778296,12,284
778296,13,509
778296,14,691
778296,15,788
778296,16,899
778296,17,873
778296,18,608
778296,19,240
778296,20,120
778296,21,78
778296,22,65
778296,23,76
778297,0,13
778297,1,7
778297,2,8
778297,3,15
778297,4,51
778297,5,83
778297,6,157
778297,7,135
778297,8,127
778297,9,138
778297,10,146
778297,11,134
778297,12,164
778297,13,194
778297,14,216
778297,15,226
778297,16,253
778297,17,207
778297,18,174
778297,19,141
778297,20,97
778297,21,58
778297,22,47
778297,23,29
778298,0,4
778298,1,3
778298,2,4
778298,3,14
778298,4,37
778298,5,33
778298,6,68
778298,7,64
778298,8,73
778298,9,63
778298,10,71
778298,11,62
778298,12,76
778298,13,66
778298,14,88
778298,15,99
778298,16,113
778298,17,109
778298,18,76
778298,19,69
778298,20,48
778298,21,24
778298,22,20
778298,23,12
778299,0,17
778299,1,13
778299,2,15
778299,3,28
778299,4,97
778299,5,148
778299,6,266
778299,7,219
778299,8,207
778299,9,227
778299,10,222
778299,11,212
778299,12,243
778299,13,290
778299,14,336
778299,15,330
778299,16,388
778299,17,358
778299,18,304
778299,19,221
778299,20,170
778299,21,100
778299,22,77
778299,23,42
778300,0,18
778300,1,17
778300,2,14
778300,3,38
778300,4,93
778300,5,176
778300,6,270
778300,7,263
778300,8,229
778300,9,223
778300,10,202
778300,11,212
778300,12,269
778300,13,276
778300,14,347
778300,15,402
778300,16,470
778300,17,426
778300,18,349
778300,19,240
778300,20,157
778300,21,113
778300,22,63
778300,23,26
778301,0,8
778301,1,6
778301,2,8
778301,3,11
778301,4,40
778301,5,97
778301,6,154
778301,7,174
778301,8,172
778301,9,135
778301,10,128
778301,11,113
778301,12,133
778301,13,140
778301,14,162
778301,15,179
778301,16,228
778301,17,241
778301,18,204
778301,19,129
778301,20,131
778301,21,53
778301,22,30
778301,23,30
778303,0,49
778303,1,24
778303,2,35
778303,3,46
778303,4,186
778303,5,348
778303,6,714
778303,7,943
778303,8,829
778303,9,669
778303,10,686
778303,11,742
778303,12,781
778303,13,790
778303,14,918
778303,15,1115
778303,16,1142
778303,17,1142
778303,18,915
778303,19,537
778303,20,429
778303,21,316
778303,22,172
778303,23,115
778304,0,30
778304,1,19
778304,2,24
778304,3,45
778304,4,122
778304,5,176
778304,6,295
778304,7,339
778304,8,328
778304,9,250
778304,10,237
778304,11,279
778304,12,255
778304,13,219
778304,14,322
778304,15,376
778304,16,466
778304,17,417
778304,18,387
778304,19,296
778304,20,207
778304,21,180
778304,22,96
778304,23,52
778305,0,33
778305,1,20
778305,2,20
778305,3,42
778305,4,104
778305,5,207
778305,6,341
778305,7,410
778305,8,330
778305,9,280
778305,10,273
778305,11,341
778305,12,343
778305,13,374
778305,14,456
778305,15,512
778305,16,527
778305,17,491
778305,18,397
778305,19,344
778305,20,253
778305,21,222
778305,22,85
778305,23,63
778306,0,18
778306,1,6
778306,2,4
778306,3,13
778306,4,29
778306,5,54
778306,6,94
778306,7,92
778306,8,73
778306,9,85
778306,10,92
778306,11,83
778306,12,113
778306,13,123
778306,14,130
778306,15,154
778306,16,179
778306,17,124
778306,18,122
778306,19,81
778306,20,76
778306,21,41
778306,22,28
778306,23,22
778307,0,5
778307,1,3
778307,2,1
778307,3,6
778307,4,22
778307,5,37
778307,6,91
778307,7,62
778307,8,85
778307,9,59
778307,10,61
778307,11,55
778307,12,75
778307,13,74
778307,14,81
778307,15,108
778307,16,128
778307,17,107
778307,18,106
778307,19,72
778307,20,57
778307,21,38
778307,22,16
778307,23,12
778308,0,8
778308,1,6
778308,2,5
778308,3,3
778308,4,17
778308,5,14
778308,6,57
778308,7,128
778308,8,263
778308,9,228
778308,10,151
778308,11,170
778308,12,194
778308,13,165
778308,14,207
778308,15,238
778308,16,244
778308,17,220
778308,18,159
778308,19,119
778308,20,83
778308,21,53
778308,22,40
778308,23,20
778310,0,2
778310,1,1
778310,2,1
778310,3,0
778310,4,5
778310,5,5
778310,6,18
778310,7,53
778310,8,81
778310,9,110
778310,10,56
778310,11,82
778310,12,69
778310,13,67
778310,14,85
778310,15,106
778310,16,120
778310,17,99
778310,18,83
778310,19,63
778310,20,47
778310,21,24
778310,22,10
778310,23,3
778311,0,7
778311,1,1
778311,2,0
778311,3,3
778311,4,19
778311,5,44
778311,6,58
778311,7,141
778311,8,192
778311,9,164
778311,10,154
778311,11,137
778311,12,132
778311,13,123
778311,14,179
778311,15,204
778311,16,219
778311,17,193
778311,18,167
778311,19,92
778311,20,74
778311,21,46
778311,22,21
778311,23,15
778312,0,49
778312,1,37
778312,2,48
778312,3,35
778312,4,67
778312,5,156
778312,6,223
778312,7,150
778312,8,182
778312,9,189
778312,10,159
778312,11,159
778312,12,180
778312,13,157
778312,14,202
778312,15,220
778312,16,233
778312,17,232
778312,18,225
778312,19,128
778312,20,130
778312,21,67
778312,22,75
778312,23,54
778314,0,14
778314,1,14
778314,2,6
778314,3,11
778314,4,19
778314,5,53
778314,6,89
778314,7,128
778314,8,177
778314,9,163
778314,10,146
778314,11,182
778314,12,201
778314,13,178
778314,14,213
778314,15,232
778314,16,320
778314,17,264
778314,18,223
778314,19,135
778314,20,117
778314,21,70
778314,22,45
778314,23,23
778315,0,2
778315,1,3
778315,2,3
778315,3,12
778315,4,20
778315,5,29
778315,6,34
778315,7,32
778315,8,45
778315,9,26
778315,10,31
778315,11,37
778315,12,38
778315,13,38
778315,14,46
778315,15,39
778315,16,60
778315,17,47
778315,18,42
778315,19,36
778315,20,17
778315,21,12
778315,22,3
778315,23,5
778316,0,7
778316,1,12
778316,2,5
778316,3,14
778316,4,36
778316,5,62
778316,6,96
778316,7,118
778316,8,121
778316,9,73
778316,10,89
778316,11,78
778316,12,100
778316,13,90
778316,14,134
778316,15,110
778316,16,146
778316,17,171
778316,18,134
778316,19,84
778316,20,70
778316,21,40
778316,22,17
778316,23,11
778317,0,9
778317,1,6
778317,2,4
778317,3,8
778317,4,19
778317,5,50
778317,6,70
778317,7,94
778317,8,96
778317,9,112
778317,10,82
778317,11,105
778317,12,109
778317,13,102
778317,14,145
778317,15,126
778317,16,129
778317,17,110
778317,18,100
778317,19,62
778317,20,56
778317,21,43
778317,22,21
778317,23,15
778318,0,8
778318,1,5
778318,2,13
778318,3,8
778318,4,23
778318,5,29
778318,6,57
778318,7,59
778318,8,54
778318,9,55
778318,10,48
778318,11,79
778318,12,61
778318,13,69
778318,14,76
778318,15,95
778318,16,95
778318,17,84
778318,18,86
778318,19,63
778318,20,53
778318,21,32
778318,22,18
778318,23,6
778319,0,97
778319,1,40
778319,2,79
778319,3,42
778319,4,56
778319,5,133
778319,6,204
778319,7,216
778319,8,197
778319,9,142
778319,10,164
778319,11,196
778319,12,204
778319,13,210
778319,14,212
778319,15,258
778319,16,253
778319,17,255
778319,18,266
778319,19,165
778319,20,152
778319,21,115
778319,22,92
778319,23,64
778320,0,10
778320,1,4
778320,2,4
778320,3,4
778320,4,10
778320,5,33
778320,6,77
778320,7,91
778320,8,86
778320,9,79
778320,10,87
778320,11,80
778320,12,100
778320,13,97
778320,14,116
778320,15,147
778320,16,172
778320,17,197
778320,18,129
778320,19,74
778320,20,57
778320,21,42
778320,22,19
778320,23,11
778321,0,4
778321,1,1
778321,2,1
778321,3,3
778321,4,7
778321,5,15
778321,6,56
778321,7,113
778321,8,182
778321,9,181
778321,10,186
778321,11,137
778321,12,160
778321,13,126
778321,14,172
778321,15,184
778321,16,229
778321,17,233
778321,18,199
778321,19,127
778321,20,80
778321,21,43
778321,22,10
778321,23,8
778323,0,12
778323,1,6
778323,2,10
778323,3,14
778323,4,25
778323,5,91
778323,6,236
778323,7,372
778323,8,323
778323,9,341
778323,10,308
778323,11,332
778323,12,374
778323,13,379
778323,14,297
778323,15,356
778323,16,492
778323,17,471
778323,18,390
778323,19,238
778323,20,174
778323,21,81
778323,22,47
778323,23,19
778324,0,6
778324,1,3
778324,2,2
778324,3,3
778324,4,16
778324,5,20
778324,6,93
778324,7,233
778324,8,312
778324,9,174
778324,10,127
778324,11,137
778324,12,149
778324,13,156
778324,14,228
778324,15,309
778324,16,256
778324,17,226
778324,18,156
778324,19,124
778324,20,82
778324,21,58
778324,22,21
778324,23,20
778325,0,10
778325,1,4
778325,2,0
778325,3,4
778325,4,11
778325,5,26
778325,6,79
778325,7,138
778325,8,180
778325,9,126
778325,10,105
778325,11,115
778325,12,118
778325,13,116
778325,14,147
778325,15,203
778325,16,137
778325,17,195
778325,18,156
778325,19,108
778325,20,93
778325,21,50
778325,22,43
778325,23,21
778326,0,61
778326,1,43
778326,2,36
778326,3,74
778326,4,285
778326,5,566
778326,6,816
778326,7,967
778326,8,785
778326,9,683
778326,10,708
778326,11,713
778326,12,799
778326,13,830
778326,14,994
778326,15,1075
778326,16,1176
778326,17,1097
778326,18,1031
778326,19,721
778326,20,565
778326,21,364
778326,22,206
778326,23,129
778328,0,19
778328,1,12
778328,2,11
778328,3,24
778328,4,79
778328,5,191
778328,6,344
778328,7,566
778328,8,473
778328,9,333
778328,10,318
778328,11,319
778328,12,382
778328,13,334
778328,14,437
778328,15,571
778328,16,556
778328,17,584
778328,18,359
778328,19,217
778328,20,159
778328,21,124
778328,22,52
778328,23,29
778329,0,9
778329,1,6
778329,2,3
778329,3,19
778329,4,48
778329,5,52
778329,6,74
778329,7,92
778329,8,83
778329,9,49
778329,10,56
778329,11,74
778329,12,64
778329,13,60
778329,14,85
778329,15,79
778329,16,98
778329,17,91
778329,18,93
778329,19,82
778329,20,40
778329,21,23
778329,22,17
778329,23,15
778330,0,0
778330,1,0
778330,2,0
778330,3,0
778330,4,0
778330,5,9
778330,6,11
778330,7,7
778330,8,7
778330,9,10
778330,10,17
778330,11,12
778330,12,15
778330,13,9
778330,14,15
778330,15,13
778330,16,19
778330,17,14
778330,18,18
778330,19,11
778330,20,14
778330,21,9
778330,22,5
778330,23,5
778331,0,0
778331,1,2
778331,2,0
778331,3,2
778331,4,4
778331,5,6
778331,6,20
778331,7,12
778331,8,19
778331,9,14
778331,10,18
778331,11,11
778331,12,28
778331,13,17
778331,14,33
778331,15,28
778331,16,31
778331,17,32
778331,18,14
778331,19,20
778331,20,15
778331,21,17
778331,22,4
778331,23,2
778332,0,10
778332,1,5
778332,2,10
778332,3,13
778332,4,54
778332,5,118
778332,6,346
778332,7,493
778332,8,401
778332,9,196
778332,10,196
778332,11,224
778332,12,224
778332,13,202
778332,14,310
778332,15,459
778332,16,524
778332,17,482
778332,18,316
778332,19,154
778332,20,126
778332,21,70
778332,22,41
778332,23,14
778333,0,0
778333,1,2
778333,2,1
778333,3,0
778333,4,1
778333,5,0
778333,6,1
778333,7,2
778333,8,1
778333,9,0
778333,10,3
778333,11,2
778333,12,3
778333,13,1
778333,14,1
778333,15,0
778333,16,1
778333,17,4
778333,18,3
778333,19,2
778333,20,6
778333,21,1
778333,22,1
778333,23,0
778337,0,9
778337,1,1
778337,2,4
778337,3,10
778337,4,28
778337,5,57
778337,6,161
778337,7,169
778337,8,122
778337,9,94
778337,10,79
778337,11,103
778337,12,130
778337,13,90
778337,14,142
778337,15,201
778337,16,229
778337,17,240
778337,18,105
778337,19,78
778337,20,54
778337,21,31
778337,22,16
778337,23,9
778339,0,4
778339,1,0
778339,2,4
778339,3,6
778339,4,9
778339,5,26
778339,6,48
778339,7,35
778339,8,47
778339,9,25
778339,10,27
778339,11,34
778339,12,34
778339,13,34
778339,14,40
778339,15,65
778339,16,63
778339,17,53
778339,18,41
778339,19,29
778339,20,31
778339,21,13
778339,22,9
778339,23,4
778340,0,7
778340,1,3
778340,2,3
778340,3,3
778340,4,20
778340,5,35
778340,6,54
778340,7,35
778340,8,43
778340,9,31
778340,10,25
778340,11,31
778340,12,34
778340,13,38
778340,14,27
778340,15,56
778340,16,82
778340,17,69
778340,18,54
778340,19,33
778340,20,26
778340,21,12
778340,22,6
778340,23,2
778341,0,45
778341,1,19
778341,2,31
778341,3,81
778341,4,235
778341,5,410
778341,6,557
778341,7,654
778341,8,518
778341,9,468
778341,10,446
778341,11,421
778341,12,506
778341,13,543
778341,14,747
778341,15,893
778341,16,987
778341,17,911
778341,18,732
778341,19,495
778341,20,410
778341,21,227
778341,22,138
778341,23,78
778343,0,20
778343,1,2
778343,2,21
778343,3,18
778343,4,41
778343,5,98
778343,6,168
778343,7,140
778343,8,112
778343,9,109
778343,10,132
778343,11,124
778343,12,106
778343,13,149
778343,14,171
778343,15,184
778343,16,195
778343,17,151
778343,18,131
778343,19,59
778343,20,37
778343,21,39
778343,22,32
778343,23,5
778344,0,5
778344,1,0
778344,2,2
778344,3,4
778344,4,7
778344,5,19
778344,6,69
778344,7,220
778344,8,259
778344,9,221
778344,10,150
778344,11,156
778344,12,179
778344,13,162
778344,14,259
778344,15,325
778344,16,212
778344,17,251
778344,18,212
778344,19,125
778344,20,157
778344,21,66
778344,22,32
778344,23,19
778345,0,0
778345,1,1
778345,2,1
778345,3,1
778345,4,11
778345,5,16
778345,6,45
778345,7,86
778345,8,132
778345,9,122
778345,10,114
778345,11,112
778345,12,98
778345,13,121
778345,14,122
778345,15,174
778345,16,196
778345,17,172
778345,18,182
778345,19,97
778345,20,54
778345,21,21
778345,22,8
778345,23,8
778346,0,8
778346,1,0
778346,2,4
778346,3,0
778346,4,12
778346,5,25
778346,6,78
778346,7,183
778346,8,227
778346,9,196
778346,10,180
778346,11,183
778346,12,197
778346,13,194
778346,14,228
778346,15,283
778346,16,311
778346,17,268
778346,18,229
778346,19,115
778346,20,78
778346,21,50
778346,22,12
778346,23,14
778347,0,13
778347,1,10
778347,2,8
778347,3,14
778347,4,39
778347,5,79
778347,6,290
778347,7,343
778347,8,255
778347,9,153
778347,10,139
778347,11,159
778347,12,143
778347,13,174
778347,14,259
778347,15,436
778347,16,573
778347,17,503
778347,18,267
778347,19,125
778347,20,84
778347,21,60
778347,22,25
778347,23,14
778348,0,13
778348,1,11
778348,2,10
778348,3,10
778348,4,50
778348,5,198
778348,6,438
778348,7,509
778348,8,267
778348,9,153
778348,10,136
778348,11,148
778348,12,155
778348,13,157
778348,14,330
778348,15,522
778348,16,762
778348,17,779
778348,18,383
778348,19,198
778348,20,123
778348,21,67
778348,22,33
778348,23,21
778349,0,14
778349,1,5
778349,2,8
778349,3,13
778349,4,25
778349,5,79
778349,6,218
778349,7,269
778349,8,194
778349,9,163
778349,10,168
778349,11,191
778349,12,198
778349,13,218
778349,14,276
778349,15,375
778349,16,475
778349,17,512
778349,18,297
778349,19,165
778349,20,117
778349,21,77
778349,22,38
778349,23,26
778350,0,2
778350,1,0
778350,2,0
778350,3,2
778350,4,6
778350,5,13
778350,6,26
778350,7,74
778350,8,61
778350,9,66
778350,10,53
778350,11,78
778350,12,85
778350,13,86
778350,14,89
778350,15,111
778350,16,93
778350,17,106
778350,18,72
778350,19,44
778350,20,26
778350,21,20
778350,22,7
778350,23,3
778351,0,10
778351,1,4
778351,2,15
778351,3,65
778351,4,137
778351,5,386
778351,6,418
778351,7,269
778351,8,178
778351,9,135
778351,10,164
778351,11,157
778351,12,214
778351,13,291
778351,14,470
778351,15,607
778351,16,517
778351,17,286
778351,18,138
778351,19,96
778351,20,58
778351,21,26
778351,22,17
778351,23,109
778352,0,22
778352,1,14
778352,2,17
778352,3,18
778352,4,63
778352,5,133
778352,6,319
778352,7,442
778352,8,360
778352,9,312
778352,10,271
778352,11,291
778352,12,299
778352,13,275
778352,14,431
778352,15,569
778352,16,605
778352,17,559
778352,18,431
778352,19,270
778352,20,223
778352,21,135
778352,22,56
778352,23,35
778354,0,13
778354,1,9
778354,2,14
778354,3,26
778354,4,124
778354,5,281
778354,6,291
778354,7,374
778354,8,251
778354,9,182
778354,10,146
778354,11,166
778354,12,197
778354,13,232
778354,14,411
778354,15,530
778354,16,549
778354,17,602
778354,18,368
778354,19,191
778354,20,137
778354,21,88
778354,22,40
778354,23,42
778357,0,5
778357,1,3
778357,2,1
778357,3,1
778357,4,13
778357,5,21
778357,6,47
778357,7,69
778357,8,86
778357,9,78
778357,10,70
778357,11,89
778357,12,105
778357,13,98
778357,14,109
778357,15,95
778357,16,109
778357,17,111
778357,18,101
778357,19,78
778357,20,58
778357,21,42
778357,22,20
778357,23,13
778359,0,33
778359,1,22
778359,2,29
778359,3,41
778359,4,159
778359,5,373
778359,6,470
778359,7,539
778359,8,443
778359,9,261
778359,10,225
778359,11,271
778359,12,321
778359,13,324
778359,14,509
778359,15,778
778359,16,838
778359,17,861
778359,18,610
778359,19,355
778359,20,277
778359,21,162
778359,22,82
778359,23,59
778360,0,7
778360,1,8
778360,2,4
778360,3,6
778360,4,16
778360,5,31
778360,6,37
778360,7,40
778360,8,49
778360,9,55
778360,10,49
778360,11,49
778360,12,60
778360,13,59
778360,14,60
778360,15,88
778360,16,70
778360,17,78
778360,18,60
778360,19,60
778360,20,60
778360,21,39
778360,22,18
778360,23,13
778363,0,4
778363,1,4
778363,2,2
778363,3,5
778363,4,6
778363,5,20
778363,6,71
778363,7,226
778363,8,228
778363,9,232
778363,10,161
778363,11,175
778363,12,190
778363,13,188
778363,14,256
778363,15,270
778363,16,237
778363,17,288
778363,18,231
778363,19,147
778363,20,151
778363,21,62
778363,22,37
778363,23,13
778365,0,45
778365,1,24
778365,2,26
778365,3,52
778365,4,208
778365,5,645
778365,6,884
778365,7,1083
778365,8,982
778365,9,538
778365,10,562
778365,11,557
778365,12,617
778365,13,624
778365,14,842
778365,15,1153
778365,16,1199
778365,17,1161
778365,18,909
778365,19,635
778365,20,508
778365,21,314
778365,22,134
778365,23,85
778369,0,46
778369,1,29
778369,2,31
778369,3,56
778369,4,215
778369,5,636
778369,6,865
778369,7,1050
778369,8,868
778369,9,540
778369,10,551
778369,11,591
778369,12,651
778369,13,630
778369,14,888
778369,15,1179
778369,16,1311
778369,17,1197
778369,18,960
778369,19,616
778369,20,548
778369,21,345
778369,22,151
778369,23,88
778371,0,7
778371,1,7
778371,2,3
778371,3,9
778371,4,31
778371,5,53
778371,6,115
778371,7,129
778371,8,117
778371,9,99
778371,10,104
778371,11,127
778371,12,126
778371,13,124
778371,14,168
778371,15,181
778371,16,188
778371,17,170
778371,18,182
778371,19,141
778371,20,98
778371,21,59
778371,22,38
778371,23,15
778372,0,61
778372,1,29
778372,2,35
778372,3,55
778372,4,237
778372,5,630
778372,6,777
778372,7,856
778372,8,771
778372,9,651
778372,10,619
778372,11,633
778372,12,617
778372,13,645
778372,14,860
778372,15,1086
778372,16,1151
778372,17,1176
778372,18,920
778372,19,635
778372,20,444
778372,21,315
778372,22,145
778372,23,94
778373,0,2
778373,1,0
778373,2,0
778373,3,2
778373,4,6
778373,5,17
778373,6,38
778373,7,67
778373,8,59
778373,9,61
778373,10,61
778373,11,70
778373,12,82
778373,13,83
778373,14,85
778373,15,101
778373,16,86
778373,17,101
778373,18,66
778373,19,45
778373,20,25
778373,21,16
778373,22,7
778373,23,3
778374,0,14
778374,1,8
778374,2,0
778374,3,7
778374,4,13
778374,5,36
778374,6,111
778374,7,249
778374,8,233
778374,9,186
778374,10,144
778374,11,191
778374,12,199
778374,13,173
778374,14,249
778374,15,269
778374,16,227
778374,17,263
778374,18,251
778374,19,153
778374,20,117
778374,21,79
778374,22,52
778374,23,29
778375,0,4
778375,1,4
778375,2,0
778375,3,1
778375,4,5
778375,5,6
778375,6,20
778375,7,151
778375,8,78
778375,9,49
778375,10,59
778375,11,65
778375,12,94
778375,13,73
778375,14,127
778375,15,105
778375,16,97
778375,17,116
778375,18,97
778375,19,68
778375,20,37
778375,21,22
778375,22,11
778375,23,5
778376,0,8
778376,1,7
778376,2,6
778376,3,13
778376,4,50
778376,5,150
778376,6,220
778376,7,333
778376,8,178
778376,9,127
778376,10,99
778376,11,112
778376,12,120
778376,13,98
778376,14,292
778376,15,429
778376,16,492
778376,17,499
778376,18,291
778376,19,142
778376,20,114
778376,21,54
778376,22,29
778376,23,9
778378,0,25
778378,1,21
778378,2,26
778378,3,41
778378,4,149
778378,5,216
778378,6,304
778378,7,334
778378,8,302
778378,9,256
778378,10,240
778378,11,241
778378,12,279
778378,13,283
778378,14,311
778378,15,390
778378,16,463
778378,17,468
778378,18,331
778378,19,236
778378,20,168
778378,21,128
778378,22,65
778378,23,45
778380,0,13
778380,1,9
778380,2,7
778380,3,19
778380,4,35
778380,5,101
778380,6,296
778380,7,439
778380,8,335
778380,9,228
778380,10,214
778380,11,224
778380,12,238
778380,13,258
778380,14,352
778380,15,511
778380,16,544
778380,17,507
778380,18,351
778380,19,200
778380,20,149
778380,21,99
778380,22,48
778380,23,32
778384,0,18
778384,1,16
778384,2,15
778384,3,22
778384,4,44
778384,5,265
778384,6,491
778384,7,538
778384,8,523
778384,9,256
778384,10,232
778384,11,289
778384,12,256
778384,13,262
778384,14,476
778384,15,725
778384,16,643
778384,17,530
778384,18,397
778384,19,217
778384,20,186
778384,21,140
778384,22,80
778384,23,32
778385,0,36
778385,1,24
778385,2,32
778385,3,44
778385,4,194
778385,5,753
778385,6,999
778385,7,989
778385,8,698
778385,9,436
778385,10,386
778385,11,436
778385,12,470
778385,13,497
778385,14,825
778385,15,1207
778385,16,1242
778385,17,1133
778385,18,718
778385,19,374
778385,20,295
778385,21,211
778385,22,109
778385,23,69
778386,0,49
778386,1,34
778386,2,37
778386,3,75
778386,4,340
778386,5,833
778386,6,1114
778386,7,1359
778386,8,964
778386,9,579
778386,10,546
778386,11,548
778386,12,618
778386,13,713
778386,14,1013
778386,15,1406
778386,16,1583
778386,17,1439
778386,18,1063
778386,19,615
778386,20,435
778386,21,244
778386,22,158
778386,23,91
778387,0,7
778387,1,7
778387,2,7
778387,3,21
778387,4,43
778387,5,65
778387,6,141
778387,7,186
778387,8,182
778387,9,123
778387,10,156
778387,11,167
778387,12,211
778387,13,157
778387,14,186
778387,15,183
778387,16,229
778387,17,234
778387,18,185
778387,19,139
778387,20,76
778387,21,42
778387,22,15
778387,23,12
778388,0,0
778388,1,1
778388,2,2
778388,3,6
778388,4,19
778388,5,23
778388,6,63
778388,7,113
778388,8,135
778388,9,107
778388,10,134
778388,11,106
778388,12,110
778388,13,88
778388,14,104
778388,15,121
778388,16,131
778388,17,69
778388,18,71
778388,19,57
778388,20,22
778388,21,20
778388,22,3
778388,23,6
778389,0,22
778389,1,13
778389,2,11
778389,3,8
778389,4,50
778389,5,106
778389,6,153
778389,7,275
778389,8,355
778389,9,413
778389,10,336
778389,11,364
778389,12,431
778389,13,357
778389,14,360
778389,15,363
778389,16,409
778389,17,413
778389,18,336
778389,19,256
778389,20,211
778389,21,175
778389,22,97
778389,23,44
778390,0,7
778390,1,5
778390,2,4
778390,3,14
778390,4,34
778390,5,63
778390,6,209
778390,7,287
778390,8,298
778390,9,219
778390,10,211
778390,11,196
778390,12,220
778390,13,182
778390,14,207
778390,15,275
778390,16,258
778390,17,307
778390,18,190
778390,19,160
778390,20,81
778390,21,43
778390,22,31
778390,23,12
778391,0,5
778391,1,0
778391,2,2
778391,3,7
778391,4,11
778391,5,24
778391,6,102
778391,7,339
778391,8,267
778391,9,265
778391,10,186
778391,11,209
778391,12,227
778391,13,204
778391,14,349
778391,15,318
778391,16,276
778391,17,351
778391,18,258
778391,19,163
778391,20,155
778391,21,74
778391,22,42
778391,23,17
778392,0,14
778392,1,7
778392,2,19
778392,3,24
778392,4,85
778392,5,175
778392,6,235
778392,7,300
778392,8,257
778392,9,158
778392,10,137
778392,11,149
778392,12,188
778392,13,201
778392,14,294
778392,15,423
778392,16,410
778392,17,407
778392,18,300
778392,19,201
778392,20,174
778392,21,108
778392,22,57
778392,23,38
778393,0,0
778393,1,1
778393,2,2
778393,3,3
778393,4,19
778393,5,39
778393,6,81
778393,7,167
778393,8,184
778393,9,203
778393,10,212
778393,11,198
778393,12,218
778393,13,205
778393,14,217
778393,15,277
778393,16,339
778393,17,342
778393,18,261
778393,19,194
778393,20,71
778393,21,30
778393,22,18
778393,23,9
778394,0,16
778394,1,10
778394,2,8
778394,3,7
778394,4,41
778394,5,73
778394,6,105
778394,7,197
778394,8,278
778394,9,256
778394,10,220
778394,11,246
778394,12,302
778394,13,216
778394,14,219
778394,15,246
778394,16,269
778394,17,277
778394,18,214
778394,19,164
778394,20,128
778394,21,119
778394,22,73
778394,23,26
778395,0,5
778395,1,3
778395,2,1
778395,3,6
778395,4,10
778395,5,25
778395,6,48
778395,7,107
778395,8,122
778395,9,146
778395,10,129
778395,11,136
778395,12,166
778395,13,108
778395,14,133
778395,15,148
778395,16,198
778395,17,165
778395,18,154
778395,19,107
778395,20,74
778395,21,52
778395,22,31
778395,23,9
778396,0,4
778396,1,4
778396,2,2
778396,3,8
778396,4,18
778396,5,44
778396,6,81
778396,7,99
778396,8,323
778396,9,120
778396,10,55
778396,11,101
778396,12,91
778396,13,89
778396,14,93
778396,15,272
778396,16,129
778396,17,145
778396,18,78
778396,19,67
778396,20,36
778396,21,31
778396,22,14
778396,23,7
778397,0,40
778397,1,22
778397,2,27
778397,3,41
778397,4,129
778397,5,207
778397,6,473
778397,7,701
778397,8,716
778397,9,635
778397,10,682
778397,11,789
778397,12,802
778397,13,748
778397,14,890
778397,15,1152
778397,16,1289
778397,17,1161
778397,18,912
778397,19,600
778397,20,492
778397,21,258
778397,22,136
778397,23,81
778398,0,1
778398,1,0
778398,2,0
778398,3,0
778398,4,2
778398,5,1
778398,6,5
778398,7,28
778398,8,27
778398,9,25
778398,10,26
778398,11,23
778398,12,30
778398,13,27
778398,14,34
778398,15,23
778398,16,27
778398,17,29
778398,18,29
778398,19,19
778398,20,8
778398,21,2
778398,22,6
778398,23,1
778400,0,4
778400,1,7
778400,2,0
778400,3,7
778400,4,19
778400,5,21
778400,6,47
778400,7,53
778400,8,61
778400,9,52
778400,10,49
778400,11,53
778400,12,55
778400,13,55
778400,14,85
778400,15,87
778400,16,84
778400,17,105
778400,18,68
778400,19,52
778400,20,40
778400,21,29
778400,22,8
778400,23,3
778401,0,5
778401,1,7
778401,2,6
778401,3,7
778401,4,16
778401,5,60
778401,6,63
778401,7,92
778401,8,59
778401,9,58
778401,10,43
778401,11,47
778401,12,48
778401,13,67
778401,14,76
778401,15,100
778401,16,124
778401,17,125
778401,18,81
778401,19,60
778401,20,37
778401,21,21
778401,22,14
778401,23,8
778402,0,3
778402,1,8
778402,2,6
778402,3,12
778402,4,26
778402,5,64
778402,6,66
778402,7,95
778402,8,71
778402,9,68
778402,10,55
778402,11,62
778402,12,62
778402,13,83
778402,14,86
778402,15,111
778402,16,115
778402,17,134
778402,18,94
778402,19,67
778402,20,39
778402,21,32
778402,22,19
778402,23,8
778403,0,8
778403,1,4
778403,2,3
778403,3,5
778403,4,30
778403,5,54
778403,6,100
778403,7,137
778403,8,138
778403,9,96
778403,10,78
778403,11,84
778403,12,109
778403,13,105
778403,14,161
778403,15,265
778403,16,237
778403,17,210
778403,18,166
778403,19,115
778403,20,89
778403,21,72
778403,22,37
778403,23,24
778404,0,9
778404,1,4
778404,2,11
778404,3,16
778404,4,44
778404,5,108
778404,6,161
778404,7,216
778404,8,216
778404,9,125
778404,10,108
778404,11,118
778404,12,171
778404,13,167
778404,14,254
778404,15,420
778404,16,397
778404,17,367
778404,18,259
778404,19,178
778404,20,119
778404,21,68
778404,22,42
778404,23,23
778405,0,49
778405,1,32
778405,2,38
778405,3,58
778405,4,312
778405,5,793
778405,6,1019
778405,7,1330
778405,8,890
778405,9,525
778405,10,473
778405,11,504
778405,12,535
778405,13,605
778405,14,921
778405,15,1296
778405,16,1448
778405,17,1351
778405,18,975
778405,19,547
778405,20,407
778405,21,231
778405,22,141
778405,23,75
778406,0,1
778406,1,0
778406,2,3
778406,3,3
778406,4,3
778406,5,6
778406,6,13
778406,7,27
778406,8,24
778406,9,31
778406,10,34
778406,11,34
778406,12,35
778406,13,36
778406,14,30
778406,15,30
778406,16,27
778406,17,28
778406,18,31
778406,19,22
778406,20,26
778406,21,9
778406,22,7
778406,23,2
778407,0,10
778407,1,7
778407,2,5
778407,3,22
778407,4,66
778407,5,117
778407,6,317
778407,7,423
778407,8,518
778407,9,376
778407,10,306
778407,11,335
778407,12,368
778407,13,332
778407,14,392
778407,15,503
778407,16,481
778407,17,512
778407,18,347
778407,19,241
778407,20,160
778407,21,85
778407,22,63
778407,23,22
778408,0,6
778408,1,4
778408,2,3
778408,3,2
778408,4,16
778408,5,21
778408,6,58
778408,7,47
778408,8,45
778408,9,45
778408,10,41
778408,11,56
778408,12,53
778408,13,56
778408,14,57
778408,15,53
778408,16,64
778408,17,59
778408,18,61
778408,19,36
778408,20,23
778408,21,28
778408,22,9
778408,23,7
778409,0,13
778409,1,15
778409,2,4
778409,3,16
778409,4,24
778409,5,70
778409,6,266
778409,7,408
778409,8,351
778409,9,178
778409,10,171
778409,11,214
778409,12,214
778409,13,230
778409,14,337
778409,15,467
778409,16,483
778409,17,438
778409,18,316
778409,19,162
778409,20,134
778409,21,68
778409,22,38
778409,23,24
778410,0,50
778410,1,20
778410,2,36
778410,3,72
778410,4,215
778410,5,316
778410,6,636
778410,7,663
778410,8,559
778410,9,471
778410,10,441
778410,11,473
778410,12,531
778410,13,480
778410,14,700
778410,15,779
778410,16,773
778410,17,868
778410,18,770
778410,19,496
778410,20,363
778410,21,240
778410,22,120
778410,23,84
778411,0,54
778411,1,26
778411,2,36
778411,3,76
778411,4,229
778411,5,367
778411,6,802
778411,7,933
778411,8,824
778411,9,579
778411,10,548
778411,11,614
778411,12,661
778411,13,637
778411,14,901
778411,15,1057
778411,16,1013
778411,17,1097
778411,18,928
778411,19,557
778411,20,450
778411,21,262
778411,22,141
778411,23,89
778412,0,20
778412,1,15
778412,2,19
778412,3,38
778412,4,134
778412,5,237
778412,6,560
778412,7,656
778412,8,690
778412,9,537
778412,10,448
778412,11,497
778412,12,540
778412,13,489
778412,14,640
778412,15,764
778412,16,748
778412,17,847
778412,18,650
778412,19,436
778412,20,300
778412,21,188
778412,22,105
778412,23,53
778414,0,54
778414,1,20
778414,2,36
778414,3,75
778414,4,217
778414,5,333
778414,6,696
778414,7,828
778414,8,575
778414,9,515
778414,10,510
778414,11,527
778414,12,571
778414,13,501
778414,14,854
778414,15,874
778414,16,854
778414,17,924
778414,18,840
778414,19,504
778414,20,382
778414,21,245
778414,22,122
778414,23,89
778415,0,45
778415,1,29
778415,2,34
778415,3,55
778415,4,313
778415,5,771
778415,6,1023
778415,7,1334
778415,8,862
778415,9,498
778415,10,449
778415,11,488
778415,12,517
778415,13,587
778415,14,899
778415,15,1270
778415,16,1425
778415,17,1337
778415,18,958
778415,19,524
778415,20,390
778415,21,208
778415,22,138
778415,23,73
778417,0,32
778417,1,10
778417,2,12
778417,3,18
778417,4,59
778417,5,123
778417,6,308
778417,7,516
778417,8,547
778417,9,464
778417,10,465
778417,11,478
778417,12,476
778417,13,498
778417,14,528
778417,15,575
778417,16,613
778417,17,617
778417,18,508
778417,19,348
778417,20,251
778417,21,164
778417,22,101
778417,23,50
778418,0,17
778418,1,6
778418,2,6
778418,3,10
778418,4,47
778418,5,95
778418,6,175
778418,7,339
778418,8,363
778418,9,323
778418,10,293
778418,11,309
778418,12,297
778418,13,278
778418,14,360
778418,15,437
778418,16,421
778418,17,475
778418,18,388
778418,19,236
778418,20,181
778418,21,109
778418,22,54
778418,23,23
778420,0,27
778420,1,11
778420,2,25
778420,3,34
778420,4,85
778420,5,200
778420,6,394
778420,7,511
778420,8,463
778420,9,423
778420,10,406
778420,11,516
778420,12,525
778420,13,492
778420,14,578
778420,15,685
778420,16,821
778420,17,727
778420,18,548
778420,19,312
778420,20,253
778420,21,135
778420,22,101
778420,23,41
778421,0,6
778421,1,1
778421,2,4
778421,3,3
778421,4,6
778421,5,8
778421,6,31
778421,7,71
778421,8,172
778421,9,98
778421,10,49
778421,11,63
778421,12,65
778421,13,63
778421,14,93
778421,15,178
778421,16,119
778421,17,114
778421,18,73
778421,19,52
778421,20,32
778421,21,27
778421,22,8
778421,23,4
778422,0,11
778422,1,6
778422,2,9
778422,3,13
778422,4,51
778422,5,65
778422,6,105
778422,7,113
778422,8,107
778422,9,82
778422,10,81
778422,11,93
778422,12,98
778422,13,105
778422,14,111
778422,15,181
778422,16,192
778422,17,187
778422,18,168
778422,19,111
778422,20,102
778422,21,65
778422,22,29
778422,23,22
778423,0,23
778423,1,23
778423,2,7
778423,3,17
778423,4,96
778423,5,180
778423,6,341
778423,7,659
778423,8,687
778423,9,603
778423,10,500
778423,11,512
778423,12,584
778423,13,576
778423,14,534
778423,15,769
778423,16,705
778423,17,757
778423,18,557
778423,19,418
778423,20,296
778423,21,152
778423,22,92
778423,23,41
778424,0,3
778424,1,2
778424,2,1
778424,3,0
778424,4,3
778424,5,4
778424,6,31
778424,7,98
778424,8,94
778424,9,61
778424,10,38
778424,11,38
778424,12,35
778424,13,47
778424,14,70
778424,15,125
778424,16,76
778424,17,83
778424,18,60
778424,19,39
778424,20,41
778424,21,12
778424,22,11
778424,23,4
778425,0,4
778425,1,1
778425,2,3
778425,3,4
778425,4,24
778425,5,50
778425,6,103
778425,7,212
778425,8,239
778425,9,238
778425,10,246
778425,11,240
778425,12,253
778425,13,251
778425,14,271
778425,15,336
778425,16,390
778425,17,393
778425,18,316
778425,19,240
778425,20,94
778425,21,50
778425,22,22
778425,23,13
778427,0,32
778427,1,23
778427,2,11
778427,3,19
778427,4,90
778427,5,144
778427,6,372
778427,7,496
778427,8,469
778427,9,346
778427,10,327
778427,11,351
778427,12,458
778427,13,417
778427,14,490
778427,15,637
778427,16,592
778427,17,571
778427,18,495
778427,19,281
778427,20,237
778427,21,173
778427,22,80
778427,23,65
778428,0,1
778428,1,2
778428,2,1
778428,3,2
778428,4,5
778428,5,10
778428,6,31
778428,7,67
778428,8,50
778428,9,27
778428,10,23
778428,11,24
778428,12,33
778428,13,44
778428,14,43
778428,15,62
778428,16,45
778428,17,61
778428,18,32
778428,19,31
778428,20,17
778428,21,19
778428,22,8
778428,23,2
778429,0,78
778429,1,50
778429,2,57
778429,3,146
778429,4,378
778429,5,515
778429,6,685
778429,7,745
778429,8,653
778429,9,663
778429,10,579
778429,11,614
778429,12,666
778429,13,739
778429,14,792
778429,15,914
778429,16,992
778429,17,935
778429,18,831
778429,19,679
778429,20,513
778429,21,370
778429,22,213
778429,23,144
778430,0,16
778430,1,9
778430,2,6
778430,3,5
778430,4,30
778430,5,64
778430,6,93
778430,7,161
778430,8,201
778430,9,196
778430,10,187
778430,11,192
778430,12,228
778430,13,203
778430,14,206
778430,15,208
778430,16,231
778430,17,247
778430,18,207
778430,19,144
778430,20,131
778430,21,111
778430,22,73
778430,23,32
778431,0,31
778431,1,17
778431,2,32
778431,3,38
778431,4,93
778431,5,146
778431,6,210
778431,7,192
778431,8,174
778431,9,175
778431,10,191
778431,11,195
778431,12,237
778431,13,210
778431,14,236
778431,15,333
778431,16,331
778431,17,292
778431,18,277
778431,19,200
778431,20,170
778431,21,110
778431,22,71
778431,23,59
778432,0,53
778432,1,44
778432,2,32
778432,3,72
778432,4,126
778432,5,747
778432,6,993
778432,7,1210
778432,8,1003
778432,9,758
778432,10,593
778432,11,744
778432,12,759
778432,13,722
778432,14,828
778432,15,1117
778432,16,1512
778432,17,1671
778432,18,956
778432,19,475
778432,20,378
778432,21,219
778432,22,158
778432,23,111
778433,0,49
778433,1,26
778433,2,49
778433,3,56
778433,4,178
778433,5,246
778433,6,323
778433,7,314
778433,8,288
778433,9,264
778433,10,283
778433,11,282
778433,12,387
778433,13,347
778433,14,404
778433,15,532
778433,16,512
778433,17,487
778433,18,476
778433,19,339
778433,20,273
778433,21,169
778433,22,108
778433,23,80
778434,0,71
778434,1,48
778434,2,58
778434,3,95
778434,4,255
778434,5,420
778434,6,601
778434,7,565
778434,8,532
778434,9,553
778434,10,515
778434,11,591
778434,12,666
778434,13,637
778434,14,754
778434,15,860
778434,16,936
778434,17,951
778434,18,914
778434,19,676
778434,20,521
778434,21,314
778434,22,159
778434,23,122
778435,0,12
778435,1,5
778435,2,9
778435,3,11
778435,4,43
778435,5,63
778435,6,123
778435,7,171
778435,8,128
778435,9,128
778435,10,140
778435,11,132
778435,12,151
778435,13,171
778435,14,206
778435,15,222
778435,16,244
778435,17,275
778435,18,180
778435,19,151
778435,20,106
778435,21,59
778435,22,36
778435,23,24
778436,0,106
778436,1,58
778436,2,58
778436,3,120
778436,4,354
778436,5,456
778436,6,686
778436,7,658
778436,8,610
778436,9,548
778436,10,536
778436,11,615
778436,12,692
778436,13,691
778436,14,762
778436,15,996
778436,16,1049
778436,17,1154
778436,18,982
778436,19,798
778436,20,659
778436,21,444
778436,22,261
778436,23,183
778437,0,3
778437,1,1
778437,2,1
778437,3,3
778437,4,8
778437,5,15
778437,6,36
778437,7,33
778437,8,43
778437,9,29
778437,10,24
778437,11,26
778437,12,39
778437,13,37
778437,14,42
778437,15,56
778437,16,61
778437,17,57
778437,18,45
778437,19,32
778437,20,25
778437,21,12
778437,22,6
778437,23,4
778438,0,44
778438,1,32
778438,2,33
778438,3,55
778438,4,209
778438,5,391
778438,6,575
778438,7,628
778438,8,628
778438,9,731
778438,10,737
778438,11,794
778438,12,848
778438,13,882
778438,14,948
778438,15,1101
778438,16,1356
778438,17,1256
778438,18,1153
778438,19,833
778438,20,631
778438,21,376
778438,22,159
778438,23,99
778439,0,55
778439,1,30
778439,2,42
778439,3,82
778439,4,254
778439,5,331
778439,6,437
778439,7,552
778439,8,487
778439,9,517
778439,10,545
778439,11,526
778439,12,596
778439,13,644
778439,14,706
778439,15,769
778439,16,855
778439,17,866
778439,18,699
778439,19,536
778439,20,366
778439,21,220
778439,22,168
778439,23,103
778440,0,34
778440,1,27
778440,2,16
778440,3,33
778440,4,179
778440,5,453
778440,6,590
778440,7,576
778440,8,498
778440,9,460
778440,10,468
778440,11,526
778440,12,653
778440,13,632
778440,14,755
778440,15,905
778440,16,1049
778440,17,1001
778440,18,750
778440,19,470
778440,20,331
778440,21,191
778440,22,115
778440,23,54
778442,0,7
778442,1,2
778442,2,1
778442,3,7
778442,4,12
778442,5,21
778442,6,36
778442,7,54
778442,8,53
778442,9,56
778442,10,77
778442,11,95
778442,12,68
778442,13,73
778442,14,87
778442,15,102
778442,16,141
778442,17,154
778442,18,95
778442,19,44
778442,20,29
778442,21,26
778442,22,8
778442,23,3
778443,0,27
778443,1,16
778443,2,23
778443,3,38
778443,4,170
778443,5,481
778443,6,578
778443,7,584
778443,8,496
778443,9,495
778443,10,486
778443,11,516
778443,12,622
778443,13,616
778443,14,713
778443,15,975
778443,16,1062
778443,17,1077
778443,18,739
778443,19,475
778443,20,317
778443,21,169
778443,22,106
778443,23,47
778444,0,41
778444,1,26
778444,2,29
778444,3,57
778444,4,233
778444,5,611
778444,6,866
778444,7,904
778444,8,773
778444,9,643
778444,10,621
778444,11,688
778444,12,755
778444,13,803
778444,14,983
778444,15,1251
778444,16,1443
778444,17,1422
778444,18,1038
778444,19,638
778444,20,467
778444,21,254
778444,22,157
778444,23,72
778445,0,21
778445,1,12
778445,2,8
778445,3,12
778445,4,61
778445,5,101
778445,6,200
778445,7,279
778445,8,233
778445,9,234
778445,10,223
778445,11,214
778445,12,258
778445,13,276
778445,14,334
778445,15,381
778445,16,491
778445,17,426
778445,18,287
778445,19,178
778445,20,99
778445,21,95
778445,22,44
778445,23,19
778446,0,32
778446,1,25
778446,2,23
778446,3,46
778446,4,233
778446,5,615
778446,6,783
778446,7,820
778446,8,643
778446,9,475
778446,10,457
778446,11,537
778446,12,578
778446,13,624
778446,14,762
778446,15,1038
778446,16,1242
778446,17,1172
778446,18,832
778446,19,447
778446,20,339
778446,21,197
778446,22,125
778446,23,56
778447,0,9
778447,1,1
778447,2,3
778447,3,11
778447,4,32
778447,5,43
778447,6,88
778447,7,91
778447,8,85
778447,9,59
778447,10,64
778447,11,61
778447,12,84
778447,13,77
778447,14,100
778447,15,139
778447,16,136
778447,17,142
778447,18,111
778447,19,60
778447,20,52
778447,21,31
778447,22,21
778447,23,10
778448,0,29
778448,1,29
778448,2,16
778448,3,34
778448,4,243
778448,5,595
778448,6,706
778448,7,653
778448,8,485
778448,9,447
778448,10,390
778448,11,408
778448,12,428
778448,13,462
778448,14,585
778448,15,877
778448,16,1026
778448,17,989
778448,18,649
778448,19,376
778448,20,255
778448,21,161
778448,22,82
778448,23,54
778449,0,21
778449,1,8
778449,2,15
778449,3,20
778449,4,43
778449,5,75
778449,6,93
778449,7,97
778449,8,123
778449,9,122
778449,10,94
778449,11,107
778449,12,123
778449,13,128
778449,14,123
778449,15,160
778449,16,169
778449,17,193
778449,18,168
778449,19,102
778449,20,108
778449,21,87
778449,22,53
778449,23,33
778450,0,0
778450,1,0
778450,2,0
778450,3,0
778450,4,0
778450,5,2
778450,6,6
778450,7,11
778450,8,19
778450,9,26
778450,10,15
778450,11,19
778450,12,26
778450,13,14
778450,14,24
778450,15,34
778450,16,22
778450,17,28
778450,18,23
778450,19,15
778450,20,9
778450,21,4
778450,22,6
778450,23,2
778451,0,4
778451,1,1
778451,2,0
778451,3,1
778451,4,3
778451,5,7
778451,6,21
778451,7,30
778451,8,44
778451,9,42
778451,10,29
778451,11,57
778451,12,54
778451,13,37
778451,14,41
778451,15,58
778451,16,43
778451,17,55
778451,18,38
778451,19,38
778451,20,24
778451,21,13
778451,22,16
778451,23,8
778452,0,42
778452,1,39
778452,2,28
778452,3,66
778452,4,146
778452,5,700
778452,6,799
778452,7,1025
778452,8,841
778452,9,591
778452,10,532
778452,11,594
778452,12,583
778452,13,545
778452,14,629
778452,15,897
778452,16,1061
778452,17,1075
778452,18,759
778452,19,393
778452,20,305
778452,21,164
778452,22,108
778452,23,92
778453,0,41
778453,1,21
778453,2,26
778453,3,45
778453,4,214
778453,5,602
778453,6,748
778453,7,763
778453,8,532
778453,9,410
778453,10,402
778453,11,367
778453,12,385
778453,13,461
778453,14,607
778453,15,860
778453,16,988
778453,17,1010
778453,18,694
778453,19,328
778453,20,247
778453,21,183
778453,22,113
778453,23,48
778454,0,8
778454,1,7
778454,2,7
778454,3,13
778454,4,51
778454,5,101
778454,6,114
778454,7,114
778454,8,89
778454,9,84
778454,10,60
778454,11,60
778454,12,89
778454,13,74
778454,14,117
778454,15,181
778454,16,216
778454,17,172
778454,18,100
778454,19,48
778454,20,38
778454,21,17
778454,22,11
778454,23,9
778456,0,17
778456,1,7
778456,2,22
778456,3,12
778456,4,65
778456,5,106
778456,6,134
778456,7,150
778456,8,171
778456,9,130
778456,10,114
778456,11,136
778456,12,164
778456,13,156
778456,14,189
778456,15,232
778456,16,229
778456,17,236
778456,18,191
778456,19,168
778456,20,120
778456,21,88
778456,22,64
778456,23,33
778457,0,7
778457,1,4
778457,2,5
778457,3,5
778457,4,25
778457,5,45
778457,6,130
778457,7,190
778457,8,174
778457,9,100
778457,10,86
778457,11,123
778457,12,131
778457,13,135
778457,14,194
778457,15,255
778457,16,212
778457,17,246
778457,18,169
778457,19,126
778457,20,91
778457,21,61
778457,22,27
778457,23,15
778458,0,13
778458,1,10
778458,2,20
778458,3,15
778458,4,57
778458,5,83
778458,6,88
778458,7,114
778458,8,101
778458,9,107
778458,10,119
778458,11,118
778458,12,139
778458,13,139
778458,14,175
778458,15,168
778458,16,165
778458,17,170
778458,18,128
778458,19,126
778458,20,92
778458,21,69
778458,22,49
778458,23,26
778461,0,3
778461,1,1
778461,2,3
778461,3,4
778461,4,10
778461,5,24
778461,6,38
778461,7,95
778461,8,102
778461,9,93
778461,10,70
778461,11,87
778461,12,85
778461,13,96
778461,14,96
778461,15,113
778461,16,141
778461,17,136
778461,18,121
778461,19,72
778461,20,74
778461,21,52
778461,22,25
778461,23,12
778462,0,3
778462,1,0
778462,2,2
778462,3,3
778462,4,4
778462,5,8
778462,6,32
778462,7,102
778462,8,88
778462,9,87
778462,10,75
778462,11,81
778462,12,79
778462,13,91
778462,14,111
778462,15,132
778462,16,124
778462,17,129
778462,18,128
778462,19,67
778462,20,64
778462,21,34
778462,22,24
778462,23,8
778463,0,8
778463,1,7
778463,2,3
778463,3,18
778463,4,34
778463,5,61
778463,6,126
778463,7,161
778463,8,162
778463,9,138
778463,10,106
778463,11,154
778463,12,145
778463,13,136
778463,14,182
778463,15,219
778463,16,236
778463,17,218
778463,18,190
778463,19,142
778463,20,97
778463,21,60
778463,22,32
778463,23,16
778464,0,6
778464,1,2
778464,2,6
778464,3,16
778464,4,23
778464,5,55
778464,6,122
778464,7,458
778464,8,335
778464,9,311
778464,10,248
778464,11,268
778464,12,297
778464,13,253
778464,14,400
778464,15,403
778464,16,373
778464,17,427
778464,18,326
778464,19,243
778464,20,192
778464,21,116
778464,22,66
778464,23,33
778466,0,27
778466,1,19
778466,2,20
778466,3,34
778466,4,133
778466,5,217
778466,6,344
778466,7,436
778466,8,375
778466,9,282
778466,10,321
778466,11,338
778466,12,392
778466,13,383
778466,14,453
778466,15,577
778466,16,605
778466,17,654
778466,18,499
778466,19,328
778466,20,247
778466,21,133
778466,22,97
778466,23,47
778467,0,9
778467,1,13
778467,2,10
778467,3,12
778467,4,38
778467,5,91
778467,6,154
778467,7,200
778467,8,212
778467,9,159
778467,10,155
778467,11,195
778467,12,177
778467,13,156
778467,14,251
778467,15,337
778467,16,283
778467,17,317
778467,18,249
778467,19,168
778467,20,151
778467,21,89
778467,22,51
778467,23,23
778468,0,17
778468,1,8
778468,2,12
778468,3,22
778468,4,65
778468,5,134
778468,6,189
778468,7,240
778468,8,318
778468,9,227
778468,10,194
778468,11,222
778468,12,238
778468,13,238
778468,14,285
778468,15,445
778468,16,454
778468,17,415
778468,18,375
778468,19,244
778468,20,205
778468,21,109
778468,22,70
778468,23,32
778469,0,14
778469,1,12
778469,2,12
778469,3,20
778469,4,59
778469,5,113
778469,6,208
778469,7,276
778469,8,228
778469,9,214
778469,10,206
778469,11,197
778469,12,198
778469,13,242
778469,14,338
778469,15,363
778469,16,351
778469,17,368
778469,18,306
778469,19,209
778469,20,187
778469,21,111
778469,22,69
778469,23,26
778471,0,1
778471,1,0
778471,2,2
778471,3,3
778471,4,19
778471,5,34
778471,6,52
778471,7,66
778471,8,44
778471,9,62
778471,10,52
778471,11,62
778471,12,64
778471,13,72
778471,14,73
778471,15,91
778471,16,102
778471,17,115
778471,18,86
778471,19,37
778471,20,35
778471,21,9
778471,22,15
778471,23,4
778473,0,0
778473,1,0
778473,2,0
778473,3,1
778473,4,1
778473,5,1
778473,6,3
778473,7,11
778473,8,9
778473,9,9
778473,10,15
778473,11,16
778473,12,11
778473,13,11
778473,14,16
778473,15,19
778473,16,20
778473,17,21
778473,18,23
778473,19,4
778473,20,5
778473,21,2
778473,22,2
778473,23,1
778475,0,19
778475,1,14
778475,2,7
778475,3,14
778475,4,73
778475,5,156
778475,6,378
778475,7,724
778475,8,517
778475,9,551
778475,10,476
778475,11,455
778475,12,490
778475,13,550
778475,14,689
778475,15,671
778475,16,741
778475,17,708
778475,18,506
778475,19,233
778475,20,262
778475,21,158
778475,22,74
778475,23,30
778476,0,1
778476,1,0
778476,2,0
778476,3,1
778476,4,4
778476,5,5
778476,6,11
778476,7,17
778476,8,14
778476,9,28
778476,10,22
778476,11,27
778476,12,21
778476,13,20
778476,14,28
778476,15,29
778476,16,30
778476,17,26
778476,18,24
778476,19,27
778476,20,18
778476,21,15
778476,22,5
778476,23,3
778477,0,16
778477,1,9
778477,2,6
778477,3,3
778477,4,24
778477,5,57
778477,6,86
778477,7,144
778477,8,196
778477,9,203
778477,10,189
778477,11,209
778477,12,231
778477,13,224
778477,14,197
778477,15,201
778477,16,225
778477,17,267
778477,18,196
778477,19,150
778477,20,127
778477,21,113
778477,22,76
778477,23,32
778478,0,21
778478,1,8
778478,2,12
778478,3,23
778478,4,39
778478,5,87
778478,6,131
778478,7,269
778478,8,287
778478,9,236
778478,10,200
778478,11,261
778478,12,239
778478,13,256
778478,14,286
778478,15,311
778478,16,283
778478,17,307
778478,18,287
778478,19,172
778478,20,176
778478,21,92
778478,22,55
778478,23,26
778479,0,17
778479,1,6
778479,2,6
778479,3,12
778479,4,28
778479,5,65
778479,6,134
778479,7,198
778479,8,204
778479,9,198
778479,10,212
778479,11,194
778479,12,276
778479,13,228
778479,14,272
778479,15,339
778479,16,391
778479,17,355
778479,18,243
778479,19,132
778479,20,100
778479,21,76
778479,22,36
778479,23,20
778480,0,0
778480,1,3
778480,2,0
778480,3,1
778480,4,1
778480,5,2
778480,6,14
778480,7,12
778480,8,16
778480,9,16
778480,10,20
778480,11,28
778480,12,23
778480,13,22
778480,14,19
778480,15,20
778480,16,22
778480,17,22
778480,18,17
778480,19,20
778480,20,10
778480,21,7
778480,22,3
778480,23,1
778482,0,6
778482,1,2
778482,2,7
778482,3,10
778482,4,38
778482,5,63
778482,6,92
778482,7,103
778482,8,105
778482,9,84
778482,10,82
778482,11,76
778482,12,103
778482,13,86
778482,14,122
778482,15,148
778482,16,202
778482,17,145
778482,18,121
778482,19,63
778482,20,48
778482,21,26
778482,22,16
778482,23,9
778483,0,37
778483,1,18
778483,2,26
778483,3,36
778483,4,154
778483,5,291
778483,6,593
778483,7,1054
778483,8,1100
778483,9,917
778483,10,794
778483,11,927
778483,12,976
778483,13,856
778483,14,1025
778483,15,1220
778483,16,1221
778483,17,1304
778483,18,994
778483,19,701
778483,20,551
778483,21,360
778483,22,177
778483,23,81
778485,0,4
778485,1,0
778485,2,3
778485,3,1
778485,4,4
778485,5,5
778485,6,6
778485,7,28
778485,8,32
778485,9,26
778485,10,26
778485,11,38
778485,12,32
778485,13,28
778485,14,36
778485,15,31
778485,16,36
778485,17,28
778485,18,30
778485,19,13
778485,20,18
778485,21,17
778485,22,13
778485,23,2
778486,0,5
778486,1,4
778486,2,3
778486,3,7
778486,4,17
778486,5,74
778486,6,149
778486,7,249
778486,8,226
778486,9,235
778486,10,258
778486,11,242
778486,12,255
778486,13,279
778486,14,295
778486,15,312
778486,16,354
778486,17,429
778486,18,303
778486,19,157
778486,20,154
778486,21,66
778486,22,29
778486,23,22
778489,0,6
778489,1,2
778489,2,3
778489,3,4
778489,4,20
778489,5,14
778489,6,23
778489,7,40
778489,8,38
778489,9,35
778489,10,34
778489,11,32
778489,12,25
778489,13,38
778489,14,34
778489,15,56
778489,16,54
778489,17,40
778489,18,48
778489,19,46
778489,20,42
778489,21,25
778489,22,5
778489,23,8
778490,0,5
778490,1,9
778490,2,8
778490,3,22
778490,4,55
778490,5,87
778490,6,94
778490,7,107
778490,8,93
778490,9,91
778490,10,123
778490,11,121
778490,12,104
778490,13,114
778490,14,122
778490,15,137
778490,16,140
778490,17,158
778490,18,113
778490,19,77
778490,20,65
778490,21,47
778490,22,27
778490,23,21
778491,0,0
778491,1,0
778491,2,0
778491,3,3
778491,4,3
778491,5,2
778491,6,8
778491,7,5
778491,8,12
778491,9,7
778491,10,8
778491,11,10
778491,12,6
778491,13,6
778491,14,8
778491,15,15
778491,16,13
778491,17,11
778491,18,15
778491,19,6
778491,20,9
778491,21,1
778491,22,3
778491,23,1
778496,0,11
778496,1,3
778496,2,5
778496,3,13
778496,4,38
778496,5,71
778496,6,187
778496,7,287
778496,8,364
778496,9,296
778496,10,274
778496,11,262
778496,12,261
778496,13,286
778496,14,327
778496,15,377
778496,16,393
778496,17,421
778496,18,332
778496,19,229
778496,20,145
778496,21,83
778496,22,36
778496,23,16
778497,0,46
778497,1,37
778497,2,20
778497,3,52
778497,4,203
778497,5,407
778497,6,855
778497,7,1404
778497,8,1546
778497,9,1429
778497,10,1293
778497,11,1254
778497,12,1286
778497,13,1317
778497,14,1449
778497,15,1782
778497,16,1870
778497,17,1850
778497,18,1402
778497,19,977
778497,20,825
778497,21,459
778497,22,241
778497,23,114
778498,0,55
778498,1,36
778498,2,24
778498,3,37
778498,4,183
778498,5,355
778498,6,688
778498,7,1211
778498,8,1306
778498,9,1235
778498,10,1009
778498,11,992
778498,12,1132
778498,13,1156
778498,14,1077
778498,15,1428
778498,16,1443
778498,17,1492
778498,18,1219
778498,19,902
778498,20,598
778498,21,368
778498,22,201
778498,23,96
778499,0,5
778499,1,7
778499,2,5
778499,3,13
778499,4,21
778499,5,39
778499,6,52
778499,7,75
778499,8,72
778499,9,64
778499,10,81
778499,11,78
778499,12,80
778499,13,80
778499,14,78
778499,15,81
778499,16,87
778499,17,90
778499,18,93
778499,19,67
778499,20,67
778499,21,28
778499,22,19
778499,23,16
778500,0,17
778500,1,4
778500,2,9
778500,3,15
778500,4,45
778500,5,91
778500,6,168
778500,7,226
778500,8,245
778500,9,218
778500,10,215
778500,11,190
778500,12,225
778500,13,242
778500,14,286
778500,15,387
778500,16,450
778500,17,379
778500,18,284
778500,19,146
778500,20,115
778500,21,85
778500,22,45
778500,23,15
778501,0,8
778501,1,7
778501,2,4
778501,3,7
778501,4,28
778501,5,49
778501,6,114
778501,7,225
778501,8,247
778501,9,198
778501,10,221
778501,11,222
778501,12,227
778501,13,191
778501,14,236
778501,15,266
778501,16,288
778501,17,276
778501,18,220
778501,19,171
778501,20,100
778501,21,57
778501,22,26
778501,23,20
778502,0,6
778502,1,5
778502,2,10
778502,3,6
778502,4,25
778502,5,53
778502,6,112
778502,7,265
778502,8,175
778502,9,153
778502,10,113
778502,11,139
778502,12,151
778502,13,185
778502,14,277
778502,15,279
778502,16,254
778502,17,300
778502,18,202
778502,19,121
778502,20,91
778502,21,60
778502,22,41
778502,23,16
778503,0,10
778503,1,8
778503,2,12
778503,3,16
778503,4,59
778503,5,132
778503,6,205
778503,7,278
778503,8,257
778503,9,182
778503,10,188
778503,11,186
778503,12,184
778503,13,192
778503,14,330
778503,15,346
778503,16,316
778503,17,267
778503,18,227
778503,19,171
778503,20,133
778503,21,101
778503,22,34
778503,23,30
778505,0,13
778505,1,9
778505,2,13
778505,3,19
778505,4,62
778505,5,138
778505,6,314
778505,7,577
778505,8,441
778505,9,286
778505,10,242
778505,11,301
778505,12,292
778505,13,315
778505,14,583
778505,15,605
778505,16,484
778505,17,429
778505,18,330
778505,19,265
778505,20,178
778505,21,143
778505,22,40
778505,23,31
778508,0,4
778508,1,2
778508,2,3
778508,3,12
778508,4,26
778508,5,50
778508,6,92
778508,7,115
778508,8,130
778508,9,118
778508,10,93
778508,11,85
778508,12,112
778508,13,137
778508,14,196
778508,15,223
778508,16,213
778508,17,188
778508,18,134
778508,19,81
778508,20,48
778508,21,32
778508,22,5
778508,23,7
778509,0,9
778509,1,3
778509,2,8
778509,3,7
778509,4,27
778509,5,53
778509,6,110
778509,7,167
778509,8,148
778509,9,145
778509,10,137
778509,11,127
778509,12,149
778509,13,160
778509,14,178
778509,15,252
778509,16,314
778509,17,247
778509,18,208
778509,19,97
778509,20,88
778509,21,56
778509,22,32
778509,23,11
778517,0,12
778517,1,7
778517,2,5
778517,3,8
778517,4,24
778517,5,38
778517,6,124
778517,7,271
778517,8,365
778517,9,397
778517,10,371
778517,11,396
778517,12,344
778517,13,354
778517,14,403
778517,15,435
778517,16,538
778517,17,524
778517,18,343
778517,19,184
778517,20,150
778517,21,90
778517,22,36
778517,23,15
778518,0,18
778518,1,10
778518,2,8
778518,3,8
778518,4,46
778518,5,86
778518,6,221
778518,7,413
778518,8,484
778518,9,365
778518,10,264
778518,11,287
778518,12,293
778518,13,285
778518,14,376
778518,15,446
778518,16,557
778518,17,596
778518,18,404
778518,19,317
778518,20,195
778518,21,99
778518,22,55
778518,23,30
778519,0,13
778519,1,10
778519,2,7
778519,3,14
778519,4,68
778519,5,135
778519,6,232
778519,7,423
778519,8,604
778519,9,545
778519,10,448
778519,11,472
778519,12,463
778519,13,476
778519,14,569
778519,15,639
778519,16,681
778519,17,623
778519,18,440
778519,19,218
778519,20,259
778519,21,111
778519,22,42
778519,23,32
778520,0,53
778520,1,18
778520,2,29
778520,3,46
778520,4,175
778520,5,331
778520,6,696
778520,7,1132
778520,8,1234
778520,9,1111
778520,10,1009
778520,11,1147
778520,12,1183
778520,13,1088
778520,14,1240
778520,15,1480
778520,16,1464
778520,17,1489
778520,18,1188
778520,19,840
778520,20,649
778520,21,433
778520,22,202
778520,23,95
778521,0,16
778521,1,5
778521,2,7
778521,3,9
778521,4,33
778521,5,132
778521,6,234
778521,7,595
778521,8,641
778521,9,658
778521,10,495
778521,11,523
778521,12,582
778521,13,537
778521,14,599
778521,15,755
778521,16,653
778521,17,699
778521,18,593
778521,19,388
778521,20,306
778521,21,172
778521,22,68
778521,23,26
778522,0,23
778522,1,16
778522,2,14
778522,3,29
778522,4,98
778522,5,212
778522,6,339
778522,7,618
778522,8,702
778522,9,720
778522,10,598
778522,11,693
778522,12,741
778522,13,750
778522,14,727
778522,15,877
778522,16,937
778522,17,1000
778522,18,869
778522,19,600
778522,20,406
778522,21,261
778522,22,133
778522,23,49
778524,0,23
778524,1,11
778524,2,8
778524,3,21
778524,4,44
778524,5,296
778524,6,486
778524,7,645
778524,8,485
778524,9,373
778524,10,317
778524,11,359
778524,12,364
778524,13,375
778524,14,466
778524,15,620
778524,16,1036
778524,17,1052
778524,18,606
778524,19,334
778524,20,289
778524,21,126
778524,22,93
778524,23,68
778525,0,5
778525,1,4
778525,2,4
778525,3,5
778525,4,13
778525,5,23
778525,6,92
778525,7,198
778525,8,271
778525,9,282
778525,10,266
778525,11,270
778525,12,234
778525,13,247
778525,14,305
778525,15,349
778525,16,425
778525,17,416
778525,18,276
778525,19,123
778525,20,108
778525,21,58
778525,22,29
778525,23,11
778527,0,7
778527,1,4
778527,2,5
778527,3,10
778527,4,26
778527,5,53
778527,6,142
778527,7,314
778527,8,327
778527,9,214
778527,10,188
778527,11,223
778527,12,234
778527,13,230
778527,14,289
778527,15,384
778527,16,353
778527,17,386
778527,18,277
778527,19,197
778527,20,156
778527,21,100
778527,22,47
778527,23,22
778533,0,17
778533,1,8
778533,2,4
778533,3,9
778533,4,16
778533,5,29
778533,6,70
778533,7,191
778533,8,198
778533,9,224
778533,10,147
778533,11,187
778533,12,204
778533,13,226
778533,14,198
778533,15,285
778533,16,277
778533,17,402
778533,18,213
778533,19,163
778533,20,136
778533,21,97
778533,22,70
778533,23,33
778534,0,69
778534,1,59
778534,2,57
778534,3,74
778534,4,182
778534,5,411
778534,6,665
778534,7,692
778534,8,512
778534,9,441
778534,10,432
778534,11,454
778534,12,464
778534,13,553
778534,14,651
778534,15,797
778534,16,944
778534,17,989
778534,18,765
778534,19,487
778534,20,404
778534,21,313
778534,22,206
778534,23,129
778535,0,3
778535,1,0
778535,2,2
778535,3,2
778535,4,1
778535,5,12
778535,6,57
778535,7,954
778535,8,104
778535,9,73
778535,10,276
778535,11,527
778535,12,123
778535,13,168
778535,14,711
778535,15,220
778535,16,346
778535,17,169
778535,18,220
778535,19,75
778535,20,79
778535,21,7
778535,22,8
778535,23,6
778537,0,38
778537,1,17
778537,2,27
778537,3,35
778537,4,130
778537,5,186
778537,6,418
778537,7,641
778537,8,736
778537,9,708
778537,10,647
778537,11,653
778537,12,780
778537,13,714
778537,14,816
778537,15,955
778537,16,933
778537,17,971
778537,18,758
778537,19,571
778537,20,424
778537,21,291
778537,22,146
778537,23,77
778539,0,12
778539,1,7
778539,2,8
778539,3,13
778539,4,55
778539,5,87
778539,6,187
778539,7,349
778539,8,436
778539,9,400
778539,10,301
778539,11,291
778539,12,343
778539,13,338
778539,14,385
778539,15,461
778539,16,511
778539,17,452
778539,18,339
778539,19,169
778539,20,209
778539,21,106
778539,22,35
778539,23,34
778540,0,10
778540,1,5
778540,2,5
778540,3,13
778540,4,33
778540,5,81
778540,6,156
778540,7,267
778540,8,377
778540,9,441
778540,10,379
778540,11,453
778540,12,475
778540,13,450
778540,14,504
778540,15,580
778540,16,687
778540,17,680
778540,18,512
778540,19,319
778540,20,211
778540,21,110
778540,22,45
778540,23,32
778541,0,32
778541,1,15
778541,2,18
778541,3,21
778541,4,62
778541,5,106
778541,6,191
778541,7,275
778541,8,304
778541,9,232
778541,10,206
778541,11,220
778541,12,224
778541,13,242
778541,14,314
778541,15,303
778541,16,385
778541,17,377
778541,18,288
778541,19,236
778541,20,191
778541,21,111
778541,22,69
778541,23,50
778542,0,7
778542,1,5
778542,2,0
778542,3,10
778542,4,19
778542,5,38
778542,6,117
778542,7,178
778542,8,273
778542,9,291
778542,10,270
778542,11,313
778542,12,346
778542,13,333
778542,14,369
778542,15,402
778542,16,495
778542,17,515
778542,18,384
778542,19,194
778542,20,194
778542,21,76
778542,22,23
778542,23,21
778543,0,8
778543,1,7
778543,2,5
778543,3,7
778543,4,36
778543,5,49
778543,6,105
778543,7,168
778543,8,200
778543,9,206
778543,10,177
778543,11,202
778543,12,229
778543,13,221
778543,14,201
778543,15,256
778543,16,294
778543,17,292
778543,18,214
778543,19,142
778543,20,116
778543,21,62
778543,22,20
778543,23,22
778544,0,9
778544,1,5
778544,2,3
778544,3,9
778544,4,28
778544,5,46
778544,6,91
778544,7,210
778544,8,243
778544,9,223
778544,10,180
778544,11,211
778544,12,222
778544,13,190
778544,14,209
778544,15,261
778544,16,259
778544,17,251
778544,18,207
778544,19,112
778544,20,136
778544,21,72
778544,22,29
778544,23,23
778545,0,6
778545,1,2
778545,2,7
778545,3,2
778545,4,7
778545,5,31
778545,6,83
778545,7,147
778545,8,198
778545,9,194
778545,10,148
778545,11,141
778545,12,147
778545,13,184
778545,14,181
778545,15,194
778545,16,216
778545,17,214
778545,18,176
778545,19,145
778545,20,113
778545,21,70
778545,22,41
778545,23,14
778546,0,23
778546,1,13
778546,2,5
778546,3,6
778546,4,37
778546,5,95
778546,6,234
778546,7,392
778546,8,438
778546,9,330
778546,10,247
778546,11,242
778546,12,258
778546,13,257
778546,14,310
778546,15,448
778546,16,513
778546,17,518
778546,18,426
778546,19,251
778546,20,197
778546,21,135
778546,22,84
778546,23,39
778547,0,8
778547,1,1
778547,2,2
778547,3,1
778547,4,10
778547,5,20
778547,6,46
778547,7,107
778547,8,175
778547,9,129
778547,10,136
778547,11,150
778547,12,176
778547,13,164
778547,14,189
778547,15,238
778547,16,231
778547,17,221
778547,18,190
778547,19,149
778547,20,133
778547,21,68
778547,22,49
778547,23,15
778548,0,27
778548,1,14
778548,2,8
778548,3,7
778548,4,45
778548,5,113
778548,6,332
778548,7,473
778548,8,442
778548,9,374
778548,10,310
778548,11,294
778548,12,308
778548,13,323
778548,14,372
778548,15,473
778548,16,590
778548,17,567
778548,18,479
778548,19,297
778548,20,230
778548,21,153
778548,22,100
778548,23,43
778549,0,4
778549,1,1
778549,2,0
778549,3,2
778549,4,7
778549,5,13
778549,6,37
778549,7,67
778549,8,109
778549,9,73
778549,10,49
778549,11,60
778549,12,69
778549,13,86
778549,14,74
778549,15,109
778549,16,191
778549,17,238
778549,18,161
778549,19,72
778549,20,58
778549,21,15
778549,22,6
778549,23,5
778550,0,27
778550,1,8
778550,2,8
778550,3,11
778550,4,30
778550,5,79
778550,6,170
778550,7,316
778550,8,369
778550,9,369
778550,10,373
778550,11,396
778550,12,395
778550,13,430
778550,14,451
778550,15,399
778550,16,464
778550,17,476
778550,18,416
778550,19,283
778550,20,305
778550,21,200
778550,22,100
778550,23,37
778552,0,11
778552,1,4
778552,2,2
778552,3,9
778552,4,14
778552,5,43
778552,6,113
778552,7,207
778552,8,320
778552,9,253
778552,10,227
778552,11,286
778552,12,275
778552,13,274
778552,14,271
778552,15,294
778552,16,373
778552,17,385
778552,18,336
778552,19,200
778552,20,162
778552,21,122
778552,22,52
778552,23,16
778553,0,8
778553,1,1
778553,2,0
778553,3,0
778553,4,4
778553,5,21
778553,6,40
778553,7,83
778553,8,111
778553,9,108
778553,10,89
778553,11,127
778553,12,99
778553,13,103
778553,14,94
778553,15,102
778553,16,115
778553,17,125
778553,18,90
778553,19,66
778553,20,47
778553,21,29
778553,22,18
778553,23,5
778554,0,12
778554,1,4
778554,2,2
778554,3,2
778554,4,8
778554,5,17
778554,6,52
778554,7,111
778554,8,121
778554,9,107
778554,10,112
778554,11,103
778554,12,120
778554,13,128
778554,14,138
778554,15,150
778554,16,149
778554,17,143
778554,18,127
778554,19,89
778554,20,62
778554,21,41
778554,22,25
778554,23,9
778555,0,9
778555,1,1
778555,2,4
778555,3,5
778555,4,27
778555,5,45
778555,6,119
778555,7,216
778555,8,207
778555,9,161
778555,10,194
778555,11,204
778555,12,222
778555,13,183
778555,14,210
778555,15,225
778555,16,290
778555,17,261
778555,18,197
778555,19,139
778555,20,110
778555,21,70
778555,22,25
778555,23,13
778556,0,1
778556,1,4
778556,2,0
778556,3,1
778556,4,4
778556,5,18
778556,6,42
778556,7,90
778556,8,105
778556,9,79
778556,10,91
778556,11,78
778556,12,117
778556,13,106
778556,14,105
778556,15,113
778556,16,103
778556,17,118
778556,18,99
778556,19,78
778556,20,38
778556,21,34
778556,22,13
778556,23,4
778557,0,15
778557,1,2
778557,2,7
778557,3,7
778557,4,15
778557,5,47
778557,6,99
778557,7,257
778557,8,369
778557,9,312
778557,10,251
778557,11,305
778557,12,337
778557,13,322
778557,14,384
778557,15,427
778557,16,489
778557,17,469
778557,18,317
778557,19,217
778557,20,134
778557,21,87
778557,22,48
778557,23,16
778558,0,8
778558,1,5
778558,2,2
778558,3,6
778558,4,15
778558,5,50
778558,6,121
778558,7,225
778558,8,242
778558,9,267
778558,10,229
778558,11,274
778558,12,300
778558,13,291
778558,14,306
778558,15,339
778558,16,383
778558,17,357
778558,18,308
778558,19,215
778558,20,155
778558,21,95
778558,22,45
778558,23,19
778559,0,13
778559,1,3
778559,2,4
778559,3,6
778559,4,20
778559,5,61
778559,6,108
778559,7,154
778559,8,157
778559,9,138
778559,10,148
778559,11,113
778559,12,159
778559,13,150
778559,14,181
778559,15,228
778559,16,221
778559,17,205
778559,18,153
778559,19,104
778559,20,77
778559,21,43
778559,22,17
778559,23,9
778560,0,10
778560,1,4
778560,2,6
778560,3,5
778560,4,15
778560,5,46
778560,6,111
778560,7,165
778560,8,284
778560,9,291
778560,10,209
778560,11,282
778560,12,326
778560,13,312
778560,14,327
778560,15,389
778560,16,459
778560,17,420
778560,18,278
778560,19,194
778560,20,149
778560,21,85
778560,22,45
778560,23,15
778562,0,30
778562,1,19
778562,2,7
778562,3,7
778562,4,50
778562,5,118
778562,6,366
778562,7,515
778562,8,468
778562,9,428
778562,10,362
778562,11,325
778562,12,344
778562,13,372
778562,14,403
778562,15,519
778562,16,616
778562,17,616
778562,18,495
778562,19,311
778562,20,236
778562,21,167
778562,22,112
778562,23,49
778565,0,7
778565,1,12
778565,2,7
778565,3,10
778565,4,14
778565,5,24
778565,6,35
778565,7,38
778565,8,37
778565,9,49
778565,10,69
778565,11,56
778565,12,67
778565,13,71
778565,14,81
778565,15,57
778565,16,63
778565,17,88
778565,18,87
778565,19,60
778565,20,47
778565,21,42
778565,22,27
778565,23,8
778567,0,36
778567,1,18
778567,2,7
778567,3,8
778567,4,53
778567,5,124
778567,6,377
778567,7,566
778567,8,514
778567,9,454
778567,10,406
778567,11,362
778567,12,401
778567,13,438
778567,14,449
778567,15,591
778567,16,674
778567,17,679
778567,18,535
778567,19,337
778567,20,258
778567,21,182
778567,22,119
778567,23,56
778568,0,16
778568,1,7
778568,2,2
778568,3,7
778568,4,23
778568,5,55
778568,6,135
778568,7,198
778568,8,343
778568,9,301
778568,10,256
778568,11,285
778568,12,295
778568,13,308
778568,14,362
778568,15,431
778568,16,441
778568,17,413
778568,18,310
778568,19,205
778568,20,130
778568,21,82
778568,22,42
778568,23,23
778569,0,7
778569,1,6
778569,2,4
778569,3,4
778569,4,11
778569,5,22
778569,6,41
778569,7,41
778569,8,33
778569,9,47
778569,10,41
778569,11,50
778569,12,56
778569,13,53
778569,14,63
778569,15,54
778569,16,64
778569,17,60
778569,18,55
778569,19,52
778569,20,36
778569,21,28
778569,22,22
778569,23,14
778570,0,0
778570,1,1
778570,2,3
778570,3,0
778570,4,3
778570,5,2
778570,6,10
778570,7,23
778570,8,31
778570,9,33
778570,10,31
778570,11,38
778570,12,36
778570,13,45
778570,14,52
778570,15,41
778570,16,50
778570,17,43
778570,18,43
778570,19,30
778570,20,30
778570,21,23
778570,22,8
778570,23,7
778572,0,18
778572,1,8
778572,2,5
778572,3,15
778572,4,23
778572,5,73
778572,6,144
778572,7,224
778572,8,225
778572,9,212
778572,10,184
778572,11,230
778572,12,181
778572,13,229
778572,14,255
778572,15,279
778572,16,342
778572,17,306
778572,18,203
778572,19,160
778572,20,115
778572,21,79
778572,22,62
778572,23,25
778575,0,8
778575,1,14
778575,2,5
778575,3,20
778575,4,52
778575,5,86
778575,6,81
778575,7,82
778575,8,78
778575,9,72
778575,10,88
778575,11,83
778575,12,98
778575,13,94
778575,14,108
778575,15,100
778575,16,173
778575,17,130
778575,18,115
778575,19,78
778575,20,62
778575,21,40
778575,22,36
778575,23,21
778576,0,0
778576,1,0
778576,2,0
778576,3,0
778576,4,5
778576,5,21
778576,6,28
778576,7,59
778576,8,48
778576,9,43
778576,10,35
778576,11,31
778576,12,46
778576,13,39
778576,14,53
778576,15,71
778576,16,63
778576,17,59
778576,18,48
778576,19,28
778576,20,15
778576,21,15
778576,22,6
778576,23,4
778578,0,9
778578,1,12
778578,2,15
778578,3,12
778578,4,17
778578,5,36
778578,6,56
778578,7,75
778578,8,73
778578,9,68
778578,10,104
778578,11,113
778578,12,106
778578,13,103
778578,14,96
778578,15,124
778578,16,127
778578,17,120
778578,18,105
778578,19,76
778578,20,59
778578,21,45
778578,22,27
778578,23,17
778579,0,4
778579,1,0
778579,2,0
778579,3,3
778579,4,6
778579,5,19
778579,6,33
778579,7,27
778579,8,28
778579,9,21
778579,10,25
778579,11,25
778579,12,30
778579,13,37
778579,14,38
778579,15,51
778579,16,46
778579,17,44
778579,18,30
778579,19,24
778579,20,17
778579,21,14
778579,22,5
778579,23,2
778580,0,11
778580,1,8
778580,2,5
778580,3,2
778580,4,18
778580,5,35
778580,6,37
778580,7,30
778580,8,32
778580,9,36
778580,10,42
778580,11,43
778580,12,48
778580,13,53
778580,14,48
778580,15,63
778580,16,90
778580,17,65
778580,18,74
778580,19,58
778580,20,48
778580,21,26
778580,22,28
778580,23,13
778581,0,10
778581,1,10
778581,2,4
778581,3,16
778581,4,40
778581,5,67
778581,6,63
778581,7,57
778581,8,63
778581,9,59
778581,10,66
778581,11,46
778581,12,70
778581,13,56
778581,14,77
778581,15,82
778581,16,130
778581,17,102
778581,18,81
778581,19,54
778581,20,55
778581,21,35
778581,22,25
778581,23,13
778584,0,4
778584,1,6
778584,2,6
778584,3,5
778584,4,12
778584,5,24
778584,6,28
778584,7,23
778584,8,34
778584,9,43
778584,10,40
778584,11,30
778584,12,52
778584,13,53
778584,14,51
778584,15,64
778584,16,80
778584,17,71
778584,18,62
778584,19,57
778584,20,37
778584,21,16
778584,22,23
778584,23,8
778585,0,4
778585,1,5
778585,2,2
778585,3,3
778585,4,6
778585,5,17
778585,6,13
778585,7,14
778585,8,15
778585,9,20
778585,10,18
778585,11,13
778585,12,22
778585,13,34
778585,14,31
778585,15,38
778585,16,37
778585,17,31
778585,18,34
778585,19,19
778585,20,26
778585,21,12
778585,22,8
778585,23,12
778586,0,42
778586,1,27
778586,2,35
778586,3,38
778586,4,80
778586,5,128
778586,6,236
778586,7,275
778586,8,212
778586,9,126
778586,10,153
778586,11,147
778586,12,190
778586,13,188
778586,14,270
778586,15,310
778586,16,331
778586,17,343
778586,18,250
778586,19,152
778586,20,127
778586,21,105
778586,22,70
778586,23,48
778587,0,50
778587,1,41
778587,2,33
778587,3,59
778587,4,98
778587,5,215
778587,6,224
778587,7,148
778587,8,136
778587,9,129
778587,10,138
778587,11,138
778587,12,233
778587,13,211
778587,14,211
778587,15,240
778587,16,245
778587,17,189
778587,18,103
778587,19,64
778587,20,52
778587,21,48
778587,22,48
778587,23,30
778588,0,13
778588,1,7
778588,2,12
778588,3,52
778588,4,106
778588,5,192
778588,6,240
778588,7,172
778588,8,163
778588,9,156
778588,10,172
778588,11,200
778588,12,279
778588,13,230
778588,14,209
778588,15,202
778588,16,181
778588,17,154
778588,18,80
778588,19,60
778588,20,50
778588,21,38
778588,22,29
778588,23,30
778589,0,7
778589,1,4
778589,2,5
778589,3,4
778589,4,10
778589,5,29
778589,6,48
778589,7,88
778589,8,137
778589,9,99
778589,10,97
778589,11,82
778589,12,113
778589,13,86
778589,14,67
778589,15,64
778589,16,76
778589,17,142
778589,18,92
778589,19,30
778589,20,14
778589,21,8
778589,22,7
778589,23,21
778595,0,3
778595,1,4
778595,2,5
778595,3,4
778595,4,5
778595,5,8
778595,6,13
778595,7,22
778595,8,16
778595,9,24
778595,10,28
778595,11,34
778595,12,26
778595,13,31
778595,14,39
778595,15,31
778595,16,46
778595,17,35
778595,18,44
778595,19,25
778595,20,15
778595,21,15
778595,22,14
778595,23,5
778597,0,1
778597,1,2
778597,2,2
778597,3,5
778597,4,7
778597,5,9
778597,6,10
778597,7,22
778597,8,13
778597,9,17
778597,10,26
778597,11,23
778597,12,24
778597,13,19
778597,14,45
778597,15,35
778597,16,43
778597,17,44
778597,18,41
778597,19,23
778597,20,10
778597,21,11
778597,22,10
778597,23,8
778603,0,14
778603,1,9
778603,2,5
778603,3,18
778603,4,22
778603,5,34
778603,6,45
778603,7,40
778603,8,58
778603,9,49
778603,10,55
778603,11,46
778603,12,55
778603,13,53
778603,14,79
778603,15,92
778603,16,81
778603,17,76
778603,18,62
778603,19,54
778603,20,29
778603,21,29
778603,22,14
778603,23,11
778605,0,144
778605,1,90
778605,2,80
778605,3,80
778605,4,168
778605,5,452
778605,6,858
778605,7,1373
778605,8,1336
778605,9,1180
778605,10,1232
778605,11,1376
778605,12,1486
778605,13,1594
778605,14,1687
778605,15,1801
778605,16,2042
778605,17,2340
778605,18,1604
778605,19,1093
778605,20,987
778605,21,777
778605,22,520
778605,23,264
778606,0,42
778606,1,23
778606,2,22
778606,3,20
778606,4,33
778606,5,91
778606,6,211
778606,7,256
778606,8,294
778606,9,276
778606,10,273
778606,11,340
778606,12,403
778606,13,432
778606,14,487
778606,15,524
778606,16,633
778606,17,720
778606,18,520
778606,19,323
778606,20,311
778606,21,249
778606,22,181
778606,23,79
778607,0,4
778607,1,0
778607,2,0
778607,3,1
778607,4,9
778607,5,5
778607,6,6
778607,7,11
778607,8,12
778607,9,14
778607,10,9
778607,11,8
778607,12,11
778607,13,10
778607,14,11
778607,15,17
778607,16,20
778607,17,17
778607,18,13
778607,19,13
778607,20,7
778607,21,8
778607,22,5
778607,23,1
778610,0,9
778610,1,3
778610,2,4
778610,3,8
778610,4,11
778610,5,29
778610,6,26
778610,7,34
778610,8,26
778610,9,34
778610,10,59
778610,11,52
778610,12,57
778610,13,54
778610,14,66
778610,15,80
778610,16,57
778610,17,75
778610,18,70
778610,19,46
778610,20,37
778610,21,24
778610,22,17
778610,23,13
778612,0,6
778612,1,3
778612,2,8
778612,3,15
778612,4,21
778612,5,55
778612,6,55
778612,7,56
778612,8,52
778612,9,54
778612,10,41
778612,11,56
778612,12,52
778612,13,60
778612,14,57
778612,15,82
778612,16,78
778612,17,104
778612,18,73
778612,19,59
778612,20,55
778612,21,25
778612,22,17
778612,23,15
778613,0,5
778613,1,2
778613,2,4
778613,3,7
778613,4,6
778613,5,16
778613,6,12
778613,7,23
778613,8,18
778613,9,30
778613,10,39
778613,11,28
778613,12,46
778613,13,29
778613,14,52
778613,15,53
778613,16,47
778613,17,63
778613,18,57
778613,19,36
778613,20,25
778613,21,21
778613,22,5
778613,23,8
778614,0,4
778614,1,2
778614,2,1
778614,3,6
778614,4,20
778614,5,19
778614,6,40
778614,7,25
778614,8,35
778614,9,29
778614,10,32
778614,11,23
778614,12,26
778614,13,41
778614,14,30
778614,15,53
778614,16,56
778614,17,49
778614,18,48
778614,19,32
778614,20,30
778614,21,18
778614,22,9
778614,23,7
778616,0,1
778616,1,3
778616,2,8
778616,3,16
778616,4,16
778616,5,31
778616,6,52
778616,7,43
778616,8,50
778616,9,52
778616,10,68
778616,11,62
778616,12,53
778616,13,66
778616,14,63
778616,15,69
778616,16,92
778616,17,60
778616,18,50
778616,19,50
778616,20,37
778616,21,15
778616,22,12
778616,23,10
778618,0,19
778618,1,10
778618,2,6
778618,3,22
778618,4,46
778618,5,51
778618,6,81
778618,7,63
778618,8,92
778618,9,68
778618,10,71
778618,11,71
778618,12,82
778618,13,81
778618,14,106
778618,15,129
778618,16,127
778618,17,132
778618,18,109
778618,19,71
778618,20,57
778618,21,42
778618,22,17
778618,23,18
778619,0,0
778619,1,7
778619,2,2
778619,3,6
778619,4,12
778619,5,28
778619,6,30
778619,7,38
778619,8,39
778619,9,38
778619,10,59
778619,11,39
778619,12,39
778619,13,47
778619,14,50
778619,15,40
778619,16,63
778619,17,54
778619,18,34
778619,19,40
778619,20,28
778619,21,15
778619,22,10
778619,23,6
778621,0,163
778621,1,90
778621,2,59
778621,3,70
778621,4,154
778621,5,356
778621,6,656
778621,7,969
778621,8,882
778621,9,871
778621,10,874
778621,11,978
778621,12,1024
778621,13,1078
778621,14,1200
778621,15,1345
778621,16,1535
778621,17,1463
778621,18,1230
778621,19,922
778621,20,832
778621,21,655
778621,22,472
778621,23,323
778622,0,3
778622,1,2
778622,2,3
778622,3,5
778622,4,11
778622,5,24
778622,6,24
778622,7,35
778622,8,20
778622,9,24
778622,10,28
778622,11,18
778622,12,18
778622,13,31
778622,14,25
778622,15,34
778622,16,36
778622,17,35
778622,18,35
778622,19,24
778622,20,11
778622,21,24
778622,22,7
778622,23,7
778623,0,31
778623,1,32
778623,2,13
778623,3,28
778623,4,49
778623,5,101
778623,6,227
778623,7,483
778623,8,441
778623,9,254
778623,10,213
778623,11,218
778623,12,244
778623,13,240
778623,14,273
778623,15,318
778623,16,340
778623,17,305
778623,18,211
778623,19,165
778623,20,115
778623,21,76
778623,22,70
778623,23,58
778624,0,315
778624,1,246
778624,2,207
778624,3,332
778624,4,790
778624,5,1126
778624,6,1602
778624,7,1847
778624,8,1824
778624,9,1725
778624,10,1741
778624,11,1787
778624,12,1842
778624,13,1956
778624,14,1976
778624,15,1990
778624,16,1607
778624,17,1666
778624,18,1733
778624,19,1432
778624,20,1399
778624,21,943
778624,22,740
778624,23,554
778625,0,365
778625,1,195
778625,2,200
778625,3,371
778625,4,787
778625,5,1322
778625,6,1854
778625,7,2176
778625,8,1775
778625,9,1590
778625,10,1755
778625,11,1801
778625,12,1938
778625,13,2028
778625,14,2384
778625,15,2501
778625,16,2484
778625,17,2616
778625,18,2113
778625,19,1707
778625,20,1481
778625,21,1208
778625,22,795
778625,23,555
778626,0,69
778626,1,35
778626,2,33
778626,3,54
778626,4,121
778626,5,218
778626,6,372
778626,7,516
778626,8,467
778626,9,404
778626,10,423
778626,11,483
778626,12,557
778626,13,583
778626,14,616
778626,15,671
778626,16,741
778626,17,819
778626,18,737
778626,19,353
778626,20,279
778626,21,215
778626,22,163
778626,23,115
778627,0,172
778627,1,118
778627,2,124
778627,3,141
778627,4,308
778627,5,665
778627,6,1091
778627,7,1453
778627,8,1337
778627,9,1064
778627,10,891
778627,11,976
778627,12,1033
778627,13,1048
778627,14,1166
778627,15,1232
778627,16,1228
778627,17,1246
778627,18,966
778627,19,816
778627,20,650
778627,21,583
778627,22,403
778627,23,293
778628,0,147
778628,1,111
778628,2,70
778628,3,108
778628,4,202
778628,5,446
778628,6,854
778628,7,1275
778628,8,1127
778628,9,935
778628,10,839
778628,11,869
778628,12,993
778628,13,1115
778628,14,1193
778628,15,1266
778628,16,1248
778628,17,1310
778628,18,1006
778628,19,760
778628,20,559
778628,21,479
778628,22,390
778628,23,243
778629,0,81
778629,1,58
778629,2,32
778629,3,49
778629,4,76
778629,5,184
778629,6,280
778629,7,377
778629,8,302
778629,9,255
778629,10,216
778629,11,263
778629,12,311
778629,13,302
778629,14,372
778629,15,379
778629,16,517
778629,17,555
778629,18,404
778629,19,349
778629,20,294
778629,21,269
778629,22,168
778629,23,120
778630,0,14
778630,1,17
778630,2,7
778630,3,16
778630,4,29
778630,5,33
778630,6,43
778630,7,103
778630,8,84
778630,9,64
778630,10,49
778630,11,67
778630,12,77
778630,13,68
778630,14,83
778630,15,96
778630,16,126
778630,17,105
778630,18,93
778630,19,61
778630,20,55
778630,21,36
778630,22,34
778630,23,26
778631,0,125
778631,1,94
778631,2,53
778631,3,78
778631,4,144
778631,5,312
778631,6,612
778631,7,953
778631,8,893
778631,9,670
778631,10,621
778631,11,644
778631,12,742
778631,13,833
778631,14,896
778631,15,953
778631,16,986
778631,17,1025
778631,18,818
778631,19,633
778631,20,455
778631,21,383
778631,22,330
778631,23,206
778634,0,0
778634,1,1
778634,2,1
778634,3,2
778634,4,8
778634,5,12
778634,6,14
778634,7,13
778634,8,6
778634,9,14
778634,10,13
778634,11,12
778634,12,13
778634,13,14
778634,14,22
778634,15,19
778634,16,25
778634,17,27
778634,18,23
778634,19,15
778634,20,16
778634,21,6
778634,22,2
778634,23,3
778635,0,1
778635,1,1
778635,2,0
778635,3,2
778635,4,9
778635,5,25
778635,6,22
778635,7,27
778635,8,16
778635,9,14
778635,10,17
778635,11,19
778635,12,29
778635,13,21
778635,14,28
778635,15,29
778635,16,21
778635,17,31
778635,18,24
778635,19,20
778635,20,23
778635,21,17
778635,22,8
778635,23,11
778637,0,308
778637,1,189
778637,2,211
778637,3,302
778637,4,687
778637,5,1123
778637,6,1653
778637,7,1878
778637,8,1829
778637,9,1771
778637,10,1636
778637,11,1740
778637,12,1777
778637,13,1906
778637,14,2015
778637,15,2192
778637,16,2337
778637,17,2349
778637,18,2014
778637,19,1604
778637,20,1312
778637,21,1130
778637,22,742
778637,23,507
778639,0,292
778639,1,180
778639,2,208
778639,3,301
778639,4,680
778639,5,1101
778639,6,1636
778639,7,1852
778639,8,1815
778639,9,1728
778639,10,1583
778639,11,1705
778639,12,1755
778639,13,1864
778639,14,1975
778639,15,2218
778639,16,2322
778639,17,2352
778639,18,1974
778639,19,1577
778639,20,1270
778639,21,1090
778639,22,724
778639,23,481
778640,0,25
778640,1,21
778640,2,18
778640,3,32
778640,4,116
778640,5,538
778640,6,1131
778640,7,905
778640,8,679
778640,9,591
778640,10,574
778640,11,584
778640,12,605
778640,13,678
778640,14,796
778640,15,1035
778640,16,1242
778640,17,1011
778640,18,688
778640,19,319
778640,20,202
778640,21,123
778640,22,86
778640,23,52
778641,0,250
778641,1,185
778641,2,162
778641,3,318
778641,4,737
778641,5,1125
778641,6,1619
778641,7,2006
778641,8,1780
778641,9,1614
778641,10,1615
778641,11,1690
778641,12,1773
778641,13,1854
778641,14,2143
778641,15,2294
778641,16,2285
778641,17,2274
778641,18,2025
778641,19,1482
778641,20,1152
778641,21,982
778641,22,720
778641,23,432
778645,0,192
778645,1,144
778645,2,146
778645,3,233
778645,4,593
778645,5,1100
778645,6,1517
778645,7,1561
778645,8,1455
778645,9,1393
778645,10,1339
778645,11,1364
778645,12,1347
778645,13,1498
778645,14,1768
778645,15,1970
778645,16,2294
778645,17,2132
778645,18,1594
778645,19,1039
778645,20,926
778645,21,753
778645,22,524
778645,23,334
778647,0,303
778647,1,182
778647,2,168
778647,3,309
778647,4,670
778647,5,1108
778647,6,1460
778647,7,1764
778647,8,1651
778647,9,1547
778647,10,1529
778647,11,1520
778647,12,1640
778647,13,1693
778647,14,1962
778647,15,2112
778647,16,2236
778647,17,2387
778647,18,1949
778647,19,1415
778647,20,1271
778647,21,1014
778647,22,677
778647,23,441
778648,0,24
778648,1,15
778648,2,16
778648,3,26
778648,4,48
778648,5,101
778648,6,147
778648,7,209
778648,8,157
778648,9,168
778648,10,176
778648,11,194
778648,12,208
778648,13,195
778648,14,219
778648,15,251
778648,16,291
778648,17,254
778648,18,230
778648,19,156
778648,20,142
778648,21,85
778648,22,36
778648,23,48
778649,0,197
778649,1,121
778649,2,160
778649,3,227
778649,4,593
778649,5,1096
778649,6,1525
778649,7,1485
778649,8,1482
778649,9,1334
778649,10,1293
778649,11,1296
778649,12,1448
778649,13,1437
778649,14,1686
778649,15,2001
778649,16,2269
778649,17,2166
778649,18,1517
778649,19,1076
778649,20,899
778649,21,738
778649,22,496
778649,23,327
778650,0,254
778650,1,153
778650,2,202
778650,3,277
778650,4,633
778650,5,978
778650,6,1393
778650,7,1708
778650,8,1501
778650,9,1460
778650,10,1482
778650,11,1449
778650,12,1592
778650,13,1652
778650,14,1921
778650,15,2089
778650,16,2248
778650,17,2277
778650,18,1911
778650,19,1371
778650,20,1110
778650,21,957
778650,22,663
778650,23,427
778651,0,71
778651,1,40
778651,2,49
778651,3,71
778651,4,162
778651,5,414
778651,6,812
778651,7,929
778651,8,819
778651,9,686
778651,10,643
778651,11,750
778651,12,776
778651,13,809
778651,14,930
778651,15,1019
778651,16,1142
778651,17,1054
778651,18,849
778651,19,551
778651,20,481
778651,21,268
778651,22,220
778651,23,154
778653,0,5
778653,1,4
778653,2,6
778653,3,8
778653,4,15
778653,5,27
778653,6,36
778653,7,35
778653,8,32
778653,9,28
778653,10,31
778653,11,34
778653,12,42
778653,13,39
778653,14,54
778653,15,56
778653,16,54
778653,17,69
778653,18,41
778653,19,28
778653,20,34
778653,21,14
778653,22,11
778653,23,7
778655,0,44
778655,1,20
778655,2,16
778655,3,28
778655,4,58
778655,5,148
778655,6,305
778655,7,505
778655,8,345
778655,9,228
778655,10,243
778655,11,263
778655,12,372
778655,13,337
778655,14,381
778655,15,414
778655,16,444
778655,17,505
778655,18,403
778655,19,256
778655,20,261
778655,21,137
778655,22,99
778655,23,52
778656,0,6
778656,1,8
778656,2,10
778656,3,2
778656,4,21
778656,5,34
778656,6,49
778656,7,81
778656,8,70
778656,9,61
778656,10,52
778656,11,65
778656,12,73
778656,13,79
778656,14,89
778656,15,101
778656,16,107
778656,17,126
778656,18,93
778656,19,59
778656,20,41
778656,21,46
778656,22,30
778656,23,15
778657,0,18
778657,1,9
778657,2,6
778657,3,13
778657,4,51
778657,5,92
778657,6,165
778657,7,146
778657,8,120
778657,9,95
778657,10,117
778657,11,118
778657,12,116
778657,13,118
778657,14,128
778657,15,170
778657,16,192
778657,17,184
778657,18,137
778657,19,136
778657,20,119
778657,21,81
778657,22,47
778657,23,31
778658,0,2
778658,1,4
778658,2,5
778658,3,9
778658,4,15
778658,5,32
778658,6,33
778658,7,31
778658,8,35
778658,9,33
778658,10,38
778658,11,28
778658,12,34
778658,13,30
778658,14,42
778658,15,39
778658,16,41
778658,17,52
778658,18,21
778658,19,27
778658,20,21
778658,21,10
778658,22,11
778658,23,6
778659,0,8
778659,1,6
778659,2,4
778659,3,1
778659,4,12
778659,5,26
778659,6,103
778659,7,317
778659,8,81
778659,9,79
778659,10,61
778659,11,96
778659,12,61
778659,13,158
778659,14,174
778659,15,126
778659,16,140
778659,17,161
778659,18,152
778659,19,135
778659,20,69
778659,21,35
778659,22,21
778659,23,16
778660,0,10
778660,1,2
778660,2,2
778660,3,3
778660,4,7
778660,5,9
778660,6,20
778660,7,62
778660,8,31
778660,9,23
778660,10,27
778660,11,28
778660,12,52
778660,13,33
778660,14,38
778660,15,48
778660,16,46
778660,17,46
778660,18,39
778660,19,51
778660,20,32
778660,21,32
778660,22,26
778660,23,11
778661,0,28
778661,1,12
778661,2,11
778661,3,13
778661,4,22
778661,5,64
778661,6,184
778661,7,400
778661,8,158
778661,9,114
778661,10,96
778661,11,121
778661,12,248
778661,13,148
778661,14,211
778661,15,234
778661,16,404
778661,17,453
778661,18,220
778661,19,147
778661,20,149
778661,21,103
778661,22,71
778661,23,34
778662,0,13
778662,1,14
778662,2,10
778662,3,13
778662,4,25
778662,5,38
778662,6,56
778662,7,114
778662,8,81
778662,9,77
778662,10,71
778662,11,74
778662,12,110
778662,13,115
778662,14,95
778662,15,131
778662,16,153
778662,17,150
778662,18,117
778662,19,87
778662,20,84
778662,21,56
778662,22,46
778662,23,21
778663,0,47
778663,1,36
778663,2,16
778663,3,13
778663,4,30
778663,5,51
778663,6,204
778663,7,337
778663,8,238
778663,9,218
778663,10,192
778663,11,197
778663,12,279
778663,13,283
778663,14,344
778663,15,402
778663,16,447
778663,17,484
778663,18,328
778663,19,253
778663,20,215
778663,21,132
778663,22,88
778663,23,71
778664,0,43
778664,1,20
778664,2,20
778664,3,26
778664,4,35
778664,5,71
778664,6,138
778664,7,202
778664,8,205
778664,9,167
778664,10,155
778664,11,157
778664,12,184
778664,13,200
778664,14,235
778664,15,288
778664,16,323
778664,17,310
778664,18,262
778664,19,169
778664,20,144
778664,21,114
778664,22,74
778664,23,42
778665,0,34
778665,1,18
778665,2,18
778665,3,18
778665,4,39
778665,5,79
778665,6,144
778665,7,185
778665,8,193
778665,9,176
778665,10,178
778665,11,216
778665,12,206
778665,13,254
778665,14,284
778665,15,339
778665,16,537
778665,17,512
778665,18,346
778665,19,242
778665,20,251
778665,21,176
778665,22,99
778665,23,56
778666,0,37
778666,1,23
778666,2,16
778666,3,22
778666,4,31
778666,5,77
778666,6,246
778666,7,487
778666,8,345
778666,9,251
778666,10,217
778666,11,276
778666,12,312
778666,13,322
778666,14,443
778666,15,579
778666,16,780
778666,17,785
778666,18,456
778666,19,273
778666,20,214
778666,21,154
778666,22,86
778666,23,63
778667,0,58
778667,1,35
778667,2,33
778667,3,36
778667,4,98
778667,5,223
778667,6,368
778667,7,576
778667,8,559
778667,9,444
778667,10,495
778667,11,548
778667,12,587
778667,13,567
778667,14,687
778667,15,767
778667,16,833
778667,17,866
778667,18,541
778667,19,337
778667,20,247
778667,21,169
778667,22,145
778667,23,94
778668,0,14
778668,1,10
778668,2,2
778668,3,1
778668,4,7
778668,5,26
778668,6,42
778668,7,58
778668,8,97
778668,9,109
778668,10,54
778668,11,50
778668,12,47
778668,13,58
778668,14,86
778668,15,114
778668,16,146
778668,17,98
778668,18,79
778668,19,56
778668,20,44
778668,21,26
778668,22,27
778668,23,17
778669,0,33
778669,1,18
778669,2,16
778669,3,10
778669,4,23
778669,5,52
778669,6,138
778669,7,265
778669,8,229
778669,9,229
778669,10,201
778669,11,210
778669,12,253
778669,13,240
778669,14,271
778669,15,315
778669,16,420
778669,17,377
778669,18,303
778669,19,218
778669,20,203
778669,21,162
778669,22,128
778669,23,74
778671,0,2
778671,1,0
778671,2,3
778671,3,5
778671,4,8
778671,5,13
778671,6,21
778671,7,32
778671,8,51
778671,9,17
778671,10,22
778671,11,33
778671,12,32
778671,13,19
778671,14,33
778671,15,78
778671,16,38
778671,17,60
778671,18,34
778671,19,23
778671,20,23
778671,21,13
778671,22,7
778671,23,5
778672,0,4
778672,1,3
778672,2,5
778672,3,7
778672,4,10
778672,5,19
778672,6,22
778672,7,45
778672,8,34
778672,9,19
778672,10,29
778672,11,39
778672,12,38
778672,13,35
778672,14,37
778672,15,56
778672,16,54
778672,17,63
778672,18,35
778672,19,42
778672,20,34
778672,21,27
778672,22,14
778672,23,10
778674,0,170
778674,1,129
778674,2,126
778674,3,206
778674,4,497
778674,5,953
778674,6,1389
778674,7,1413
778674,8,1281
778674,9,1214
778674,10,1164
778674,11,1218
778674,12,1205
778674,13,1333
778674,14,1540
778674,15,1746
778674,16,2038
778674,17,1872
778674,18,1427
778674,19,887
778674,20,803
778674,21,632
778674,22,448
778674,23,287
778675,0,4
778675,1,5
778675,2,6
778675,3,14
778675,4,34
778675,5,54
778675,6,68
778675,7,65
778675,8,63
778675,9,47
778675,10,52
778675,11,45
778675,12,46
778675,13,64
778675,14,66
778675,15,84
778675,16,94
778675,17,89
778675,18,62
778675,19,35
778675,20,36
778675,21,37
778675,22,9
778675,23,14
778677,0,14
778677,1,20
778677,2,18
778677,3,43
778677,4,83
778677,5,141
778677,6,190
778677,7,151
778677,8,110
778677,9,95
778677,10,111
778677,11,106
778677,12,106
778677,13,148
778677,14,149
778677,15,170
778677,16,214
778677,17,217
778677,18,166
778677,19,101
778677,20,94
778677,21,55
778677,22,26
778677,23,48
778678,0,18
778678,1,11
778678,2,11
778678,3,8
778678,4,38
778678,5,50
778678,6,89
778678,7,196
778678,8,145
778678,9,117
778678,10,89
778678,11,110
778678,12,122
778678,13,144
778678,14,177
778678,15,186
778678,16,185
778678,17,208
778678,18,157
778678,19,102
778678,20,77
778678,21,70
778678,22,31
778678,23,28
778679,0,32
778679,1,19
778679,2,14
778679,3,20
778679,4,40
778679,5,96
778679,6,250
778679,7,490
778679,8,285
778679,9,230
778679,10,203
778679,11,258
778679,12,288
778679,13,313
778679,14,367
778679,15,364
778679,16,452
778679,17,455
778679,18,321
778679,19,222
778679,20,167
778679,21,146
778679,22,84
778679,23,37
778680,0,17
778680,1,23
778680,2,16
778680,3,59
778680,4,105
778680,5,179
778680,6,237
778680,7,195
778680,8,153
778680,9,122
778680,10,140
778680,11,124
778680,12,145
778680,13,169
778680,14,180
778680,15,219
778680,16,287
778680,17,284
778680,18,209
778680,19,124
778680,20,122
778680,21,70
778680,22,36
778680,23,50
778681,0,0
778681,1,0
778681,2,1
778681,3,0
778681,4,1
778681,5,3
778681,6,5
778681,7,6
778681,8,15
778681,9,14
778681,10,5
778681,11,8
778681,12,6
778681,13,12
778681,14,10
778681,15,18
778681,16,14
778681,17,22
778681,18,15
778681,19,12
778681,20,3
778681,21,6
778681,22,0
778681,23,1
778683,0,25
778683,1,13
778683,2,23
778683,3,57
778683,4,128
778683,5,250
778683,6,359
778683,7,321
778683,8,216
778683,9,212
778683,10,160
778683,11,191
778683,12,191
778683,13,182
778683,14,221
778683,15,315
778683,16,359
778683,17,388
778683,18,309
778683,19,176
778683,20,134
778683,21,112
778683,22,63
778683,23,42
778684,0,21
778684,1,19
778684,2,15
778684,3,26
778684,4,79
778684,5,95
778684,6,86
778684,7,81
778684,8,48
778684,9,54
778684,10,68
778684,11,63
778684,12,75
778684,13,63
778684,14,74
778684,15,102
778684,16,155
778684,17,127
778684,18,92
778684,19,150
778684,20,121
778684,21,62
778684,22,51
778684,23,38
778685,0,26
778685,1,18
778685,2,29
778685,3,50
778685,4,130
778685,5,235
778685,6,290
778685,7,279
778685,8,211
778685,9,188
778685,10,161
778685,11,165
778685,12,174
778685,13,199
778685,14,221
778685,15,283
778685,16,308
778685,17,366
778685,18,230
778685,19,182
778685,20,118
778685,21,82
778685,22,47
778685,23,34
778686,0,2
778686,1,2
778686,2,0
778686,3,1
778686,4,8
778686,5,35
778686,6,62
778686,7,57
778686,8,38
778686,9,20
778686,10,10
778686,11,23
778686,12,16
778686,13,16
778686,14,28
778686,15,36
778686,16,79
778686,17,61
778686,18,33
778686,19,12
778686,20,9
778686,21,5
778686,22,2
778686,23,3
778688,0,23
778688,1,17
778688,2,24
778688,3,23
778688,4,71
778688,5,97
778688,6,95
778688,7,98
778688,8,116
778688,9,133
778688,10,128
778688,11,133
778688,12,106
778688,13,133
778688,14,147
778688,15,159
778688,16,158
778688,17,177
778688,18,163
778688,19,102
778688,20,102
778688,21,97
778688,22,60
778688,23,35
778689,0,6
778689,1,2
778689,2,2
778689,3,1
778689,4,4
778689,5,9
778689,6,39
778689,7,125
778689,8,45
778689,9,27
778689,10,30
778689,11,29
778689,12,86
778689,13,57
778689,14,41
778689,15,50
778689,16,50
778689,17,43
778689,18,32
778689,19,23
778689,20,23
778689,21,16
778689,22,15
778689,23,5
778690,0,55
778690,1,39
778690,2,19
778690,3,18
778690,4,51
778690,5,128
778690,6,302
778690,7,534
778690,8,482
778690,9,373
778690,10,402
778690,11,402
778690,12,452
778690,13,499
778690,14,551
778690,15,651
778690,16,742
778690,17,778
778690,18,496
778690,19,339
778690,20,320
778690,21,228
778690,22,142
778690,23,85
778691,0,11
778691,1,9
778691,2,4
778691,3,4
778691,4,9
778691,5,30
778691,6,64
778691,7,205
778691,8,111
778691,9,110
778691,10,142
778691,11,138
778691,12,203
778691,13,173
778691,14,142
778691,15,193
778691,16,131
778691,17,136
778691,18,98
778691,19,93
778691,20,82
778691,21,80
778691,22,43
778691,23,35
778692,0,3
778692,1,2
778692,2,2
778692,3,1
778692,4,0
778692,5,5
778692,6,14
778692,7,20
778692,8,13
778692,9,15
778692,10,15
778692,11,12
778692,12,27
778692,13,17
778692,14,27
778692,15,31
778692,16,33
778692,17,54
778692,18,26
778692,19,19
778692,20,17
778692,21,6
778692,22,10
778692,23,10
778693,0,24
778693,1,13
778693,2,5
778693,3,5
778693,4,15
778693,5,21
778693,6,39
778693,7,127
778693,8,122
778693,9,185
778693,10,92
778693,11,130
778693,12,123
778693,13,183
778693,14,138
778693,15,206
778693,16,157
778693,17,217
778693,18,145
778693,19,127
778693,20,120
778693,21,88
778693,22,58
778693,23,51
778694,0,2
778694,1,2
778694,2,2
778694,3,1
778694,4,1
778694,5,3
778694,6,13
778694,7,24
778694,8,12
778694,9,23
778694,10,9
778694,11,18
778694,12,37
778694,13,19
778694,14,30
778694,15,25
778694,16,25
778694,17,35
778694,18,21
778694,19,27
778694,20,9
778694,21,12
778694,22,10
778694,23,7
778695,0,6
778695,1,8
778695,2,6
778695,3,3
778695,4,10
778695,5,25
778695,6,47
778695,7,87
778695,8,84
778695,9,63
778695,10,58
778695,11,66
778695,12,83
778695,13,88
778695,14,93
778695,15,108
778695,16,129
778695,17,152
778695,18,103
778695,19,73
778695,20,47
778695,21,50
778695,22,22
778695,23,24
778696,0,46
778696,1,32
778696,2,35
778696,3,39
778696,4,93
778696,5,222
778696,6,414
778696,7,624
778696,8,593
778696,9,496
778696,10,468
778696,11,591
778696,12,633
778696,13,608
778696,14,781
778696,15,841
778696,16,921
778696,17,899
778696,18,600
778696,19,366
778696,20,258
778696,21,186
778696,22,163
778696,23,98
778697,0,4
778697,1,3
778697,2,7
778697,3,2
778697,4,12
778697,5,17
778697,6,30
778697,7,40
778697,8,45
778697,9,52
778697,10,56
778697,11,63
778697,12,50
778697,13,40
778697,14,48
778697,15,77
778697,16,82
778697,17,82
778697,18,57
778697,19,37
778697,20,37
778697,21,20
778697,22,14
778697,23,10
778698,0,8
778698,1,3
778698,2,3
778698,3,6
778698,4,3
778698,5,6
778698,6,22
778698,7,16
778698,8,27
778698,9,38
778698,10,31
778698,11,38
778698,12,46
778698,13,57
778698,14,51
778698,15,50
778698,16,56
778698,17,55
778698,18,44
778698,19,28
778698,20,34
778698,21,17
778698,22,16
778698,23,4
778699,0,41
778699,1,23
778699,2,12
778699,3,18
778699,4,42
778699,5,89
778699,6,165
778699,7,242
778699,8,227
778699,9,239
778699,10,233
778699,11,280
778699,12,301
778699,13,293
778699,14,317
778699,15,311
778699,16,361
778699,17,392
778699,18,316
778699,19,269
778699,20,220
778699,21,136
778699,22,73
778699,23,52
778700,0,10
778700,1,8
778700,2,5
778700,3,5
778700,4,11
778700,5,18
778700,6,50
778700,7,115
778700,8,102
778700,9,88
778700,10,75
778700,11,94
778700,12,119
778700,13,128
778700,14,157
778700,15,138
778700,16,201
778700,17,250
778700,18,127
778700,19,89
778700,20,75
778700,21,48
778700,22,31
778700,23,12
778701,0,37
778701,1,26
778701,2,22
778701,3,25
778701,4,52
778701,5,96
778701,6,330
778701,7,575
778701,8,378
778701,9,249
778701,10,273
778701,11,256
778701,12,318
778701,13,390
778701,14,455
778701,15,443
778701,16,479
778701,17,468
778701,18,371
778701,19,254
778701,20,176
778701,21,140
778701,22,86
778701,23,50
778703,0,78
778703,1,66
778703,2,57
778703,3,81
778703,4,185
778703,5,439
778703,6,893
778703,7,1032
778703,8,918
778703,9,833
778703,10,870
778703,11,904
778703,12,928
778703,13,1011
778703,14,1123
778703,15,1318
778703,16,1400
778703,17,1412
778703,18,1190
778703,19,871
778703,20,708
778703,21,525
778703,22,338
778703,23,192
778704,0,2
778704,1,2
778704,2,1
778704,3,9
778704,4,14
778704,5,43
778704,6,102
778704,7,47
778704,8,43
778704,9,57
778704,10,51
778704,11,85
778704,12,57
778704,13,67
778704,14,58
778704,15,70
778704,16,63
778704,17,46
778704,18,36
778704,19,34
778704,20,21
778704,21,19
778704,22,11
778704,23,8
778705,0,31
778705,1,18
778705,2,9
778705,3,10
778705,4,15
778705,5,32
778705,6,83
778705,7,217
778705,8,191
778705,9,185
778705,10,210
778705,11,204
778705,12,275
778705,13,272
778705,14,262
778705,15,305
778705,16,303
778705,17,333
778705,18,203
778705,19,169
778705,20,150
778705,21,135
778705,22,58
778705,23,42
778706,0,27
778706,1,10
778706,2,10
778706,3,10
778706,4,19
778706,5,39
778706,6,98
778706,7,230
778706,8,191
778706,9,201
778706,10,136
778706,11,251
778706,12,246
778706,13,325
778706,14,273
778706,15,343
778706,16,354
778706,17,393
778706,18,227
778706,19,148
778706,20,157
778706,21,109
778706,22,67
778706,23,47
778707,0,8
778707,1,5
778707,2,0
778707,3,1
778707,4,3
778707,5,13
778707,6,19
778707,7,39
778707,8,53
778707,9,80
778707,10,140
778707,11,105
778707,12,95
778707,13,110
778707,14,92
778707,15,108
778707,16,114
778707,17,113
778707,18,115
778707,19,70
778707,20,66
778707,21,33
778707,22,41
778707,23,14
778708,0,34
778708,1,21
778708,2,13
778708,3,20
778708,4,26
778708,5,79
778708,6,116
778708,7,164
778708,8,136
778708,9,141
778708,10,156
778708,11,161
778708,12,184
778708,13,215
778708,14,191
778708,15,236
778708,16,326
778708,17,299
778708,18,245
778708,19,232
778708,20,225
778708,21,149
778708,22,128
778708,23,101
778709,0,25
778709,1,5
778709,2,6
778709,3,10
778709,4,19
778709,5,33
778709,6,100
778709,7,225
778709,8,166
778709,9,176
778709,10,120
778709,11,241
778709,12,208
778709,13,263
778709,14,233
778709,15,300
778709,16,334
778709,17,367
778709,18,205
778709,19,156
778709,20,129
778709,21,76
778709,22,55
778709,23,23
778710,0,19
778710,1,8
778710,2,0
778710,3,2
778710,4,10
778710,5,20
778710,6,43
778710,7,140
778710,8,150
778710,9,153
778710,10,98
778710,11,128
778710,12,131
778710,13,170
778710,14,136
778710,15,185
778710,16,174
778710,17,262
778710,18,131
778710,19,110
778710,20,100
778710,21,81
778710,22,49
778710,23,32
778711,0,7
778711,1,5
778711,2,5
778711,3,2
778711,4,4
778711,5,15
778711,6,25
778711,7,53
778711,8,50
778711,9,38
778711,10,44
778711,11,41
778711,12,51
778711,13,64
778711,14,49
778711,15,64
778711,16,73
778711,17,80
778711,18,70
778711,19,42
778711,20,38
778711,21,33
778711,22,16
778711,23,15
778712,0,10
778712,1,25
778712,2,14
778712,3,14
778712,4,33
778712,5,61
778712,6,132
778712,7,277
778712,8,202
778712,9,161
778712,10,206
778712,11,215
778712,12,281
778712,13,237
778712,14,286
778712,15,378
778712,16,402
778712,17,495
778712,18,351
778712,19,169
778712,20,203
778712,21,106
778712,22,62
778712,23,40
778713,0,25
778713,1,19
778713,2,13
778713,3,17
778713,4,44
778713,5,63
778713,6,112
778713,7,231
778713,8,197
778713,9,151
778713,10,165
778713,11,166
778713,12,229
778713,13,196
778713,14,253
778713,15,343
778713,16,330
778713,17,396
778713,18,288
778713,19,182
778713,20,146
778713,21,78
778713,22,59
778713,23,49
778714,0,45
778714,1,26
778714,2,32
778714,3,41
778714,4,88
778714,5,230
778714,6,395
778714,7,592
778714,8,541
778714,9,478
778714,10,468
778714,11,570
778714,12,599
778714,13,558
778714,14,737
778714,15,791
778714,16,808
778714,17,803
778714,18,562
778714,19,351
778714,20,257
778714,21,191
778714,22,166
778714,23,88
778715,0,69
778715,1,46
778715,2,25
778715,3,37
778715,4,78
778715,5,191
778715,6,431
778715,7,704
778715,8,535
778715,9,482
778715,10,514
778715,11,514
778715,12,557
778715,13,651
778715,14,758
778715,15,883
778715,16,955
778715,17,1027
778715,18,609
778715,19,429
778715,20,391
778715,21,269
778715,22,183
778715,23,98
778716,0,97
778716,1,54
778716,2,47
778716,3,56
778716,4,100
778716,5,249
778716,6,495
778716,7,899
778716,8,729
778716,9,632
778716,10,595
778716,11,644
778716,12,742
778716,13,911
778716,14,969
778716,15,1138
778716,16,1269
778716,17,1415
778716,18,951
778716,19,721
778716,20,520
778716,21,381
778716,22,237
778716,23,180
778717,0,54
778717,1,49
778717,2,30
778717,3,57
778717,4,109
778717,5,208
778717,6,264
778717,7,316
778717,8,289
778717,9,262
778717,10,284
778717,11,291
778717,12,332
778717,13,366
778717,14,436
778717,15,459
778717,16,586
778717,17,581
778717,18,452
778717,19,409
778717,20,344
778717,21,294
778717,22,216
778717,23,119
778718,0,64
778718,1,27
778718,2,27
778718,3,28
778718,4,97
778718,5,218
778718,6,474
778718,7,876
778718,8,730
778718,9,591
778718,10,553
778718,11,635
778718,12,645
778718,13,699
778718,14,812
778718,15,971
778718,16,1192
778718,17,1169
778718,18,719
778718,19,439
778718,20,338
778718,21,249
778718,22,162
778718,23,114
778719,0,29
778719,1,18
778719,2,24
778719,3,26
778719,4,61
778719,5,87
778719,6,91
778719,7,74
778719,8,88
778719,9,93
778719,10,99
778719,11,123
778719,12,93
778719,13,128
778719,14,144
778719,15,122
778719,16,119
778719,17,164
778719,18,152
778719,19,131
778719,20,90
778719,21,105
778719,22,74
778719,23,44
778720,0,54
778720,1,50
778720,2,20
778720,3,35
778720,4,52
778720,5,115
778720,6,323
778720,7,514
778720,8,435
778720,9,426
778720,10,465
778720,11,546
778720,12,627
778720,13,597
778720,14,623
778720,15,696
778720,16,828
778720,17,891
778720,18,687
778720,19,463
778720,20,403
778720,21,259
778720,22,128
778720,23,85
778721,0,39
778721,1,20
778721,2,12
778721,3,15
778721,4,42
778721,5,88
778721,6,135
778721,7,207
778721,8,192
778721,9,241
778721,10,223
778721,11,299
778721,12,299
778721,13,291
778721,14,294
778721,15,342
778721,16,378
778721,17,397
778721,18,276
778721,19,247
778721,20,195
778721,21,123
778721,22,76
778721,23,39
778722,0,46
778722,1,31
778722,2,25
778722,3,31
778722,4,85
778722,5,237
778722,6,474
778722,7,888
778722,8,678
778722,9,585
778722,10,569
778722,11,626
778722,12,714
778722,13,720
778722,14,809
778722,15,989
778722,16,1203
778722,17,1206
778722,18,698
778722,19,435
778722,20,323
778722,21,240
778722,22,158
778722,23,116
778723,0,71
778723,1,48
778723,2,37
778723,3,36
778723,4,106
778723,5,208
778723,6,442
778723,7,673
778723,8,762
778723,9,590
778723,10,562
778723,11,654
778723,12,749
778723,13,732
778723,14,810
778723,15,1019
778723,16,1041
778723,17,1002
778723,18,774
778723,19,534
778723,20,378
778723,21,274
778723,22,241
778723,23,132
778724,0,60
778724,1,40
778724,2,23
778724,3,35
778724,4,55
778724,5,159
778724,6,385
778724,7,632
778724,8,525
778724,9,482
778724,10,522
778724,11,539
778724,12,672
778724,13,598
778724,14,645
778724,15,730
778724,16,854
778724,17,860
778724,18,607
778724,19,472
778724,20,370
778724,21,269
778724,22,150
778724,23,84
778725,0,52
778725,1,34
778725,2,24
778725,3,23
778725,4,37
778725,5,140
778725,6,342
778725,7,630
778725,8,456
778725,9,384
778725,10,446
778725,11,453
778725,12,541
778725,13,539
778725,14,634
778725,15,749
778725,16,781
778725,17,785
778725,18,609
778725,19,368
778725,20,296
778725,21,197
778725,22,102
778725,23,75
778726,0,38
778726,1,28
778726,2,21
778726,3,19
778726,4,43
778726,5,71
778726,6,231
778726,7,411
778726,8,321
778726,9,214
778726,10,222
778726,11,225
778726,12,279
778726,13,316
778726,14,371
778726,15,378
778726,16,416
778726,17,404
778726,18,313
778726,19,187
778726,20,134
778726,21,130
778726,22,64
778726,23,49
778727,0,7
778727,1,11
778727,2,3
778727,3,6
778727,4,2
778727,5,25
778727,6,39
778727,7,60
778727,8,49
778727,9,70
778727,10,46
778727,11,78
778727,12,51
778727,13,80
778727,14,49
778727,15,66
778727,16,80
778727,17,93
778727,18,57
778727,19,46
778727,20,36
778727,21,28
778727,22,31
778727,23,10
778728,0,66
778728,1,44
778728,2,21
778728,3,39
778728,4,68
778728,5,153
778728,6,387
778728,7,672
778728,8,564
778728,9,557
778728,10,553
778728,11,698
778728,12,789
778728,13,758
778728,14,757
778728,15,863
778728,16,1072
778728,17,1092
778728,18,722
778728,19,489
778728,20,423
778728,21,282
778728,22,143
778728,23,99
778729,0,10
778729,1,3
778729,2,5
778729,3,5
778729,4,4
778729,5,20
778729,6,24
778729,7,78
778729,8,88
778729,9,127
778729,10,141
778729,11,206
778729,12,220
778729,13,221
778729,14,213
778729,15,236
778729,16,217
778729,17,198
778729,18,158
778729,19,126
778729,20,90
778729,21,63
778729,22,35
778729,23,21
778730,0,47
778730,1,25
778730,2,22
778730,3,35
778730,4,68
778730,5,212
778730,6,368
778730,7,741
778730,8,610
778730,9,569
778730,10,548
778730,11,638
778730,12,712
778730,13,724
778730,14,773
778730,15,960
778730,16,1116
778730,17,1060
778730,18,671
778730,19,456
778730,20,341
778730,21,226
778730,22,146
778730,23,124
778731,0,42
778731,1,30
778731,2,22
778731,3,31
778731,4,64
778731,5,221
778731,6,386
778731,7,768
778731,8,626
778731,9,577
778731,10,546
778731,11,637
778731,12,709
778731,13,716
778731,14,806
778731,15,972
778731,16,1187
778731,17,1135
778731,18,715
778731,19,454
778731,20,345
778731,21,232
778731,22,155
778731,23,139
778733,0,4
778733,1,1
778733,2,4
778733,3,4
778733,4,8
778733,5,17
778733,6,53
778733,7,74
778733,8,64
778733,9,33
778733,10,47
778733,11,29
778733,12,38
778733,13,56
778733,14,40
778733,15,72
778733,16,52
778733,17,58
778733,18,59
778733,19,36
778733,20,21
778733,21,19
778733,22,14
778733,23,13
778740,0,37
778740,1,17
778740,2,14
778740,3,25
778740,4,52
778740,5,102
778740,6,182
778740,7,232
778740,8,247
778740,9,254
778740,10,242
778740,11,295
778740,12,325
778740,13,289
778740,14,345
778740,15,426
778740,16,405
778740,17,411
778740,18,342
778740,19,226
778740,20,177
778740,21,119
778740,22,73
778740,23,52
778741,0,8
778741,1,5
778741,2,2
778741,3,5
778741,4,7
778741,5,15
778741,6,22
778741,7,57
778741,8,54
778741,9,84
778741,10,45
778741,11,53
778741,12,48
778741,13,58
778741,14,81
778741,15,77
778741,16,86
778741,17,80
778741,18,61
778741,19,57
778741,20,37
778741,21,24
778741,22,20
778741,23,19
778742,0,39
778742,1,12
778742,2,23
778742,3,17
778742,4,40
778742,5,80
778742,6,85
778742,7,139
778742,8,147
778742,9,158
778742,10,130
778742,11,156
778742,12,152
778742,13,166
778742,14,195
778742,15,216
778742,16,225
778742,17,274
778742,18,238
778742,19,157
778742,20,148
778742,21,109
778742,22,78
778742,23,61
778743,0,10
778743,1,8
778743,2,4
778743,3,7
778743,4,7
778743,5,52
778743,6,113
778743,7,262
778743,8,182
778743,9,163
778743,10,147
778743,11,156
778743,12,185
778743,13,187
778743,14,204
778743,15,220
778743,16,252
778743,17,230
778743,18,210
778743,19,109
778743,20,73
778743,21,49
778743,22,29
778743,23,27
778744,0,6
778744,1,4
778744,2,3
778744,3,5
778744,4,10
778744,5,43
778744,6,105
778744,7,163
778744,8,141
778744,9,129
778744,10,95
778744,11,124
778744,12,108
778744,13,125
778744,14,126
778744,15,167
778744,16,171
778744,17,173
778744,18,137
778744,19,63
778744,20,62
778744,21,45
778744,22,22
778744,23,9
778745,0,9
778745,1,6
778745,2,6
778745,3,9
778745,4,20
778745,5,28
778745,6,72
778745,7,146
778745,8,175
778745,9,128
778745,10,154
778745,11,193
778745,12,214
778745,13,203
778745,14,200
778745,15,294
778745,16,308
778745,17,362
778745,18,225
778745,19,138
778745,20,117
778745,21,63
778745,22,41
778745,23,19
778748,0,124
778748,1,83
778748,2,90
778748,3,130
778748,4,314
778748,5,708
778748,6,1037
778748,7,1153
778748,8,1074
778748,9,886
778748,10,875
778748,11,961
778748,12,1025
778748,13,1045
778748,14,1229
778748,15,1331
778748,16,1487
778748,17,1406
778748,18,1125
778748,19,828
778748,20,623
778748,21,452
778748,22,348
778748,23,240
778750,0,1
778750,1,0
778750,2,0
778750,3,2
778750,4,3
778750,5,8
778750,6,15
778750,7,12
778750,8,14
778750,9,11
778750,10,17
778750,11,17
778750,12,18
778750,13,12
778750,14,15
778750,15,25
778750,16,33
778750,17,15
778750,18,34
778750,19,11
778750,20,9
778750,21,10
778750,22,9
778750,23,0
778753,0,38
778753,1,20
778753,2,30
778753,3,25
778753,4,68
778753,5,132
778753,6,204
778753,7,323
778753,8,277
778753,9,235
778753,10,201
778753,11,254
778753,12,250
778753,13,278
778753,14,363
778753,15,360
778753,16,387
778753,17,381
778753,18,285
778753,19,223
778753,20,172
778753,21,161
778753,22,90
778753,23,61
778754,0,62
778754,1,33
778754,2,33
778754,3,40
778754,4,65
778754,5,154
778754,6,274
778754,7,449
778754,8,483
778754,9,356
778754,10,336
778754,11,387
778754,12,408
778754,13,403
778754,14,490
778754,15,562
778754,16,694
778754,17,709
778754,18,607
778754,19,447
778754,20,317
778754,21,229
778754,22,122
778754,23,75
778756,0,112
778756,1,110
778756,2,68
778756,3,79
778756,4,178
778756,5,353
778756,6,535
778756,7,741
778756,8,710
778756,9,762
778756,10,762
778756,11,821
778756,12,915
778756,13,941
778756,14,1063
778756,15,1209
778756,16,1217
778756,17,1267
778756,18,973
778756,19,736
778756,20,616
778756,21,501
778756,22,332
778756,23,217
778757,0,10
778757,1,9
778757,2,8
778757,3,7
778757,4,8
778757,5,32
778757,6,50
778757,7,78
778757,8,72
778757,9,92
778757,10,86
778757,11,123
778757,12,116
778757,13,109
778757,14,151
778757,15,143
778757,16,157
778757,17,154
778757,18,125
778757,19,67
778757,20,62
778757,21,36
778757,22,21
778757,23,15
778758,0,13
778758,1,8
778758,2,5
778758,3,2
778758,4,6
778758,5,21
778758,6,48
778758,7,88
778758,8,86
778758,9,124
778758,10,99
778758,11,104
778758,12,106
778758,13,98
778758,14,140
778758,15,162
778758,16,216
778758,17,211
778758,18,119
778758,19,73
778758,20,49
778758,21,48
778758,22,28
778758,23,20
778759,0,1
778759,1,4
778759,2,1
778759,3,2
778759,4,2
778759,5,9
778759,6,29
778759,7,58
778759,8,57
778759,9,118
778759,10,38
778759,11,35
778759,12,50
778759,13,39
778759,14,114
778759,15,64
778759,16,84
778759,17,56
778759,18,51
778759,19,25
778759,20,22
778759,21,17
778759,22,10
778759,23,11
778760,0,9
778760,1,7
778760,2,9
778760,3,7
778760,4,15
778760,5,64
778760,6,157
778760,7,307
778760,8,197
778760,9,206
778760,10,163
778760,11,213
778760,12,214
778760,13,216
778760,14,261
778760,15,269
778760,16,299
778760,17,310
778760,18,231
778760,19,128
778760,20,95
778760,21,71
778760,22,38
778760,23,28
778761,0,38
778761,1,19
778761,2,22
778761,3,36
778761,4,43
778761,5,115
778761,6,220
778761,7,343
778761,8,318
778761,9,233
778761,10,209
778761,11,231
778761,12,287
778761,13,267
778761,14,328
778761,15,374
778761,16,398
778761,17,422
778761,18,317
778761,19,221
778761,20,186
778761,21,138
778761,22,71
778761,23,59
778762,0,10
778762,1,2
778762,2,2
778762,3,12
778762,4,22
778762,5,42
778762,6,68
778762,7,67
778762,8,69
778762,9,61
778762,10,46
778762,11,60
778762,12,54
778762,13,63
778762,14,75
778762,15,99
778762,16,135
778762,17,127
778762,18,67
778762,19,47
778762,20,43
778762,21,23
778762,22,16
778762,23,4
778765,0,9
778765,1,11
778765,2,7
778765,3,7
778765,4,8
778765,5,29
778765,6,60
778765,7,150
778765,8,158
778765,9,131
778765,10,86
778765,11,106
778765,12,127
778765,13,160
778765,14,165
778765,15,207
778765,16,242
778765,17,266
778765,18,182
778765,19,111
778765,20,81
778765,21,58
778765,22,29
778765,23,18
778769,0,8
778769,1,8
778769,2,5
778769,3,12
778769,4,11
778769,5,21
778769,6,47
778769,7,140
778769,8,199
778769,9,128
778769,10,119
778769,11,169
778769,12,184
778769,13,173
778769,14,150
778769,15,240
778769,16,197
778769,17,199
778769,18,130
778769,19,81
778769,20,66
778769,21,45
778769,22,32
778769,23,19
778770,0,6
778770,1,1
778770,2,2
778770,3,0
778770,4,6
778770,5,8
778770,6,23
778770,7,36
778770,8,31
778770,9,39
778770,10,30
778770,11,41
778770,12,34
778770,13,42
778770,14,34
778770,15,50
778770,16,57
778770,17,70
778770,18,48
778770,19,32
778770,20,27
778770,21,26
778770,22,6
778770,23,7
778771,0,12
778771,1,6
778771,2,1
778771,3,13
778771,4,17
778771,5,37
778771,6,78
778771,7,142
778771,8,162
778771,9,119
778771,10,108
778771,11,153
778771,12,165
778771,13,159
778771,14,174
778771,15,225
778771,16,226
778771,17,291
778771,18,205
778771,19,129
778771,20,109
778771,21,61
778771,22,39
778771,23,27
778773,0,16
778773,1,16
778773,2,9
778773,3,14
778773,4,31
778773,5,50
778773,6,115
778773,7,154
778773,8,158
778773,9,157
778773,10,159
778773,11,192
778773,12,228
778773,13,247
778773,14,215
778773,15,254
778773,16,312
778773,17,293
778773,18,287
778773,19,128
778773,20,96
778773,21,73
778773,22,64
778773,23,30
778774,0,9
778774,1,7
778774,2,5
778774,3,14
778774,4,31
778774,5,92
778774,6,133
778774,7,144
778774,8,100
778774,9,92
778774,10,70
778774,11,82
778774,12,89
778774,13,106
778774,14,95
778774,15,111
778774,16,237
778774,17,222
778774,18,129
778774,19,65
778774,20,66
778774,21,26
778774,22,19
778774,23,12
778775,0,64
778775,1,49
778775,2,61
778775,3,69
778775,4,162
778775,5,349
778775,6,786
778775,7,816
778775,8,711
778775,9,661
778775,10,674
778775,11,744
778775,12,806
778775,13,877
778775,14,956
778775,15,1050
778775,16,1150
778775,17,1204
778775,18,984
778775,19,610
778775,20,458
778775,21,308
778775,22,187
778775,23,141
778776,0,110
778776,1,78
778776,2,65
778776,3,78
778776,4,148
778776,5,302
778776,6,544
778776,7,755
778776,8,715
778776,9,733
778776,10,849
778776,11,870
778776,12,960
778776,13,946
778776,14,1029
778776,15,1183
778776,16,1295
778776,17,1353
778776,18,1029
778776,19,760
778776,20,640
778776,21,566
778776,22,371
778776,23,233
778777,0,22
778777,1,20
778777,2,10
778777,3,12
778777,4,20
778777,5,69
778777,6,77
778777,7,84
778777,8,95
778777,9,93
778777,10,122
778777,11,105
778777,12,133
778777,13,125
778777,14,123
778777,15,164
778777,16,188
778777,17,186
778777,18,132
778777,19,122
778777,20,106
778777,21,82
778777,22,51
778777,23,36
778778,0,39
778778,1,21
778778,2,13
778778,3,16
778778,4,31
778778,5,102
778778,6,128
778778,7,167
778778,8,161
778778,9,181
778778,10,189
778778,11,211
778778,12,253
778778,13,265
778778,14,289
778778,15,346
778778,16,423
778778,17,427
778778,18,279
778778,19,219
778778,20,209
778778,21,158
778778,22,116
778778,23,59
778779,0,31
778779,1,13
778779,2,13
778779,3,22
778779,4,30
778779,5,59
778779,6,172
778779,7,354
778779,8,302
778779,9,213
778779,10,274
778779,11,313
778779,12,345
778779,13,365
778779,14,434
778779,15,465
778779,16,467
778779,17,443
778779,18,381
778779,19,246
778779,20,152
778779,21,100
778779,22,76
778779,23,43
778780,0,43
778780,1,30
778780,2,27
778780,3,52
778780,4,100
778780,5,188
778780,6,392
778780,7,530
778780,8,514
778780,9,377
778780,10,418
778780,11,458
778780,12,440
778780,13,496
778780,14,665
778780,15,703
778780,16,773
778780,17,684
778780,18,513
778780,19,364
778780,20,265
778780,21,193
778780,22,120
778780,23,87
778781,0,107
778781,1,78
778781,2,81
778781,3,114
778781,4,280
778781,5,680
778781,6,1020
778781,7,1126
778781,8,1154
778781,9,861
778781,10,853
778781,11,976
778781,12,978
778781,13,1065
778781,14,1208
778781,15,1391
778781,16,1572
778781,17,1442
778781,18,1121
778781,19,749
778781,20,597
778781,21,419
778781,22,304
778781,23,197
778782,0,33
778782,1,33
778782,2,21
778782,3,36
778782,4,73
778782,5,128
778782,6,261
778782,7,583
778782,8,319
778782,9,288
778782,10,257
778782,11,311
778782,12,342
778782,13,345
778782,14,566
778782,15,473
778782,16,483
778782,17,503
778782,18,465
778782,19,311
778782,20,205
778782,21,147
778782,22,90
778782,23,51
778783,0,25
778783,1,14
778783,2,9
778783,3,6
778783,4,20
778783,5,61
778783,6,216
778783,7,339
778783,8,195
778783,9,162
778783,10,190
778783,11,190
778783,12,211
778783,13,277
778783,14,306
778783,15,289
778783,16,265
778783,17,295
778783,18,274
778783,19,202
778783,20,140
778783,21,120
778783,22,70
778783,23,30
778784,0,28
778784,1,11
778784,2,12
778784,3,12
778784,4,22
778784,5,64
778784,6,249
778784,7,406
778784,8,341
778784,9,198
778784,10,238
778784,11,286
778784,12,305
778784,13,327
778784,14,431
778784,15,472
778784,16,500
778784,17,508
778784,18,419
778784,19,280
778784,20,177
778784,21,120
778784,22,89
778784,23,41
778785,0,49
778785,1,35
778785,2,22
778785,3,22
778785,4,62
778785,5,156
778785,6,313
778785,7,469
778785,8,606
778785,9,380
778785,10,383
778785,11,381
778785,12,457
778785,13,431
778785,14,550
778785,15,617
778785,16,596
778785,17,574
778785,18,492
778785,19,352
778785,20,268
778785,21,216
778785,22,157
778785,23,84
778786,0,17
778786,1,16
778786,2,10
778786,3,12
778786,4,43
778786,5,92
778786,6,144
778786,7,220
778786,8,153
778786,9,115
778786,10,113
778786,11,149
778786,12,134
778786,13,157
778786,14,173
778786,15,227
778786,16,216
778786,17,192
778786,18,139
778786,19,103
778786,20,78
778786,21,48
778786,22,43
778786,23,50
778787,0,27
778787,1,22
778787,2,16
778787,3,19
778787,4,41
778787,5,98
778787,6,290
778787,7,281
778787,8,242
778787,9,186
778787,10,205
778787,11,204
778787,12,212
778787,13,253
778787,14,306
778787,15,316
778787,16,381
778787,17,359
778787,18,263
778787,19,166
778787,20,136
778787,21,89
778787,22,65
778787,23,37
778788,0,38
778788,1,37
778788,2,15
778788,3,23
778788,4,76
778788,5,167
778788,6,273
778788,7,341
778788,8,317
778788,9,246
778788,10,255
778788,11,316
778788,12,311
778788,13,353
778788,14,405
778788,15,473
778788,16,538
778788,17,491
778788,18,375
778788,19,298
778788,20,198
778788,21,140
778788,22,96
778788,23,78
778789,0,69
778789,1,51
778789,2,38
778789,3,61
778789,4,151
778789,5,316
778789,6,676
778789,7,769
778789,8,650
778789,9,567
778789,10,584
778789,11,592
778789,12,690
778789,13,760
778789,14,817
778789,15,925
778789,16,1074
778789,17,960
778789,18,806
778789,19,536
778789,20,433
778789,21,292
778789,22,174
778789,23,122
778792,0,11
778792,1,4
778792,2,7
778792,3,4
778792,4,10
778792,5,7
778792,6,17
778792,7,24
778792,8,32
778792,9,39
778792,10,21
778792,11,41
778792,12,32
778792,13,33
778792,14,39
778792,15,46
778792,16,50
778792,17,58
778792,18,43
778792,19,30
778792,20,23
778792,21,16
778792,22,10
778792,23,9
778793,0,5
778793,1,13
778793,2,6
778793,3,13
778793,4,20
778793,5,59
778793,6,88
778793,7,57
778793,8,53
778793,9,71
778793,10,76
778793,11,81
778793,12,77
778793,13,60
778793,14,70
778793,15,92
778793,16,109
778793,17,102
778793,18,70
778793,19,44
778793,20,33
778793,21,20
778793,22,17
778793,23,7
778794,0,16
778794,1,12
778794,2,13
778794,3,20
778794,4,47
778794,5,77
778794,6,88
778794,7,89
778794,8,65
778794,9,77
778794,10,75
778794,11,69
778794,12,62
778794,13,90
778794,14,96
778794,15,119
778794,16,138
778794,17,139
778794,18,115
778794,19,105
778794,20,106
778794,21,59
778794,22,40
778794,23,21
778795,0,10
778795,1,3
778795,2,6
778795,3,13
778795,4,20
778795,5,56
778795,6,87
778795,7,69
778795,8,58
778795,9,70
778795,10,55
778795,11,71
778795,12,72
778795,13,72
778795,14,77
778795,15,129
778795,16,145
778795,17,147
778795,18,77
778795,19,51
778795,20,55
778795,21,23
778795,22,21
778795,23,7
778796,0,9
778796,1,18
778796,2,18
778796,3,17
778796,4,34
778796,5,77
778796,6,129
778796,7,111
778796,8,94
778796,9,93
778796,10,109
778796,11,89
778796,12,88
778796,13,90
778796,14,122
778796,15,157
778796,16,203
778796,17,176
778796,18,112
778796,19,86
778796,20,58
778796,21,34
778796,22,33
778796,23,12
778797,0,36
778797,1,31
778797,2,40
778797,3,47
778797,4,139
778797,5,191
778797,6,190
778797,7,194
778797,8,112
778797,9,135
778797,10,164
778797,11,141
778797,12,137
778797,13,166
778797,14,191
778797,15,247
778797,16,308
778797,17,261
778797,18,219
778797,19,264
778797,20,237
778797,21,127
778797,22,93
778797,23,64
778798,0,1
778798,1,4
778798,2,8
778798,3,4
778798,4,14
778798,5,27
778798,6,78
778798,7,103
778798,8,66
778798,9,58
778798,10,47
778798,11,55
778798,12,60
778798,13,73
778798,14,96
778798,15,114
778798,16,131
778798,17,130
778798,18,88
778798,19,65
778798,20,47
778798,21,21
778798,22,7
778798,23,4
778799,0,14
778799,1,10
778799,2,13
778799,3,34
778799,4,71
778799,5,118
778799,6,203
778799,7,204
778799,8,165
778799,9,141
778799,10,134
778799,11,138
778799,12,171
778799,13,163
778799,14,200
778799,15,206
778799,16,278
778799,17,277
778799,18,191
778799,19,134
778799,20,81
778799,21,50
778799,22,32
778799,23,25
778800,0,1
778800,1,3
778800,2,0
778800,3,1
778800,4,8
778800,5,37
778800,6,61
778800,7,62
778800,8,37
778800,9,21
778800,10,10
778800,11,19
778800,12,13
778800,13,23
778800,14,29
778800,15,36
778800,16,69
778800,17,59
778800,18,30
778800,19,12
778800,20,11
778800,21,3
778800,22,0
778800,23,2
778801,0,21
778801,1,22
778801,2,16
778801,3,41
778801,4,94
778801,5,218
778801,6,325
778801,7,328
778801,8,241
778801,9,225
778801,10,210
778801,11,197
778801,12,252
778801,13,267
778801,14,303
778801,15,384
778801,16,492
778801,17,433
778801,18,299
778801,19,189
778801,20,149
778801,21,92
778801,22,67
778801,23,53
778802,0,37
778802,1,21
778802,2,27
778802,3,66
778802,4,109
778802,5,196
778802,6,335
778802,7,314
778802,8,282
778802,9,274
778802,10,280
778802,11,282
778802,12,326
778802,13,341
778802,14,407
778802,15,425
778802,16,509
778802,17,510
778802,18,389
778802,19,237
778802,20,225
778802,21,146
778802,22,75
778802,23,65
778803,0,43
778803,1,29
778803,2,30
778803,3,46
778803,4,79
778803,5,131
778803,6,219
778803,7,215
778803,8,214
778803,9,169
778803,10,207
778803,11,233
778803,12,245
778803,13,278
778803,14,335
778803,15,379
778803,16,487
778803,17,467
778803,18,375
778803,19,221
778803,20,187
778803,21,139
778803,22,92
778803,23,58
778804,0,52
778804,1,35
778804,2,32
778804,3,56
778804,4,89
778804,5,155
778804,6,283
778804,7,364
778804,8,336
778804,9,312
778804,10,319
778804,11,338
778804,12,398
778804,13,421
778804,14,542
778804,15,596
778804,16,718
778804,17,715
778804,18,584
778804,19,378
778804,20,296
778804,21,225
778804,22,125
778804,23,79
778806,0,3
778806,1,1
778806,2,2
778806,3,5
778806,4,7
778806,5,3
778806,6,12
778806,7,28
778806,8,33
778806,9,27
778806,10,19
778806,11,19
778806,12,34
778806,13,24
778806,14,24
778806,15,53
778806,16,61
778806,17,57
778806,18,37
778806,19,28
778806,20,27
778806,21,15
778806,22,8
778806,23,5
778807,0,9
778807,1,9
778807,2,11
778807,3,11
778807,4,20
778807,5,52
778807,6,112
778807,7,206
778807,8,194
778807,9,171
778807,10,147
778807,11,168
778807,12,183
778807,13,213
778807,14,200
778807,15,253
778807,16,310
778807,17,287
778807,18,217
778807,19,117
778807,20,122
778807,21,72
778807,22,38
778807,23,25
778809,0,2
778809,1,8
778809,2,5
778809,3,11
778809,4,22
778809,5,46
778809,6,45
778809,7,42
778809,8,39
778809,9,50
778809,10,46
778809,11,46
778809,12,45
778809,13,38
778809,14,39
778809,15,56
778809,16,80
778809,17,58
778809,18,59
778809,19,33
778809,20,23
778809,21,20
778809,22,12
778809,23,5
778810,0,2
778810,1,2
778810,2,1
778810,3,2
778810,4,1
778810,5,5
778810,6,8
778810,7,20
778810,8,8
778810,9,12
778810,10,13
778810,11,23
778810,12,18
778810,13,16
778810,14,38
778810,15,20
778810,16,40
778810,17,38
778810,18,29
778810,19,18
778810,20,18
778810,21,13
778810,22,16
778810,23,1
778811,0,39
778811,1,28
778811,2,37
778811,3,37
778811,4,76
778811,5,118
778811,6,226
778811,7,293
778811,8,283
778811,9,325
778811,10,307
778811,11,354
778811,12,431
778811,13,441
778811,14,433
778811,15,530
778811,16,578
778811,17,502
778811,18,440
778811,19,281
778811,20,263
778811,21,168
778811,22,110
778811,23,91
778812,0,15
778812,1,9
778812,2,6
778812,3,5
778812,4,11
778812,5,39
778812,6,43
778812,7,91
778812,8,106
778812,9,50
778812,10,42
778812,11,56
778812,12,58
778812,13,53
778812,14,91
778812,15,112
778812,16,147
778812,17,157
778812,18,99
778812,19,69
778812,20,49
778812,21,54
778812,22,30
778812,23,9
778813,0,24
778813,1,21
778813,2,8
778813,3,17
778813,4,32
778813,5,108
778813,6,118
778813,7,173
778813,8,111
778813,9,89
778813,10,93
778813,11,94
778813,12,142
778813,13,131
778813,14,171
778813,15,215
778813,16,293
778813,17,326
778813,18,241
778813,19,141
778813,20,127
778813,21,131
778813,22,68
778813,23,50
778814,0,30
778814,1,20
778814,2,19
778814,3,22
778814,4,45
778814,5,103
778814,6,223
778814,7,409
778814,8,336
778814,9,292
778814,10,245
778814,11,249
778814,12,246
778814,13,294
778814,14,331
778814,15,419
778814,16,469
778814,17,471
778814,18,340
778814,19,242
778814,20,178
778814,21,178
778814,22,92
778814,23,58
778815,0,109
778815,1,80
778815,2,78
778815,3,109
778815,4,302
778815,5,699
778815,6,1073
778815,7,1211
778815,8,1334
778815,9,996
778815,10,1019
778815,11,1178
778815,12,1220
778815,13,1392
778815,14,1602
778815,15,1820
778815,16,2000
778815,17,1708
778815,18,1222
778815,19,789
778815,20,609
778815,21,434
778815,22,327
778815,23,210
778816,0,16
778816,1,14
778816,2,8
778816,3,16
778816,4,36
778816,5,68
778816,6,140
778816,7,169
778816,8,159
778816,9,151
778816,10,145
778816,11,185
778816,12,195
778816,13,173
778816,14,231
778816,15,288
778816,16,281
778816,17,274
778816,18,204
778816,19,151
778816,20,103
778816,21,80
778816,22,50
778816,23,37
778817,0,8
778817,1,8
778817,2,4
778817,3,8
778817,4,12
778817,5,46
778817,6,86
778817,7,138
778817,8,148
778817,9,105
778817,10,129
778817,11,115
778817,12,160
778817,13,164
778817,14,143
778817,15,187
778817,16,226
778817,17,213
778817,18,169
778817,19,101
778817,20,98
778817,21,52
778817,22,34
778817,23,16
778818,0,37
778818,1,22
778818,2,20
778818,3,25
778818,4,28
778818,5,69
778818,6,163
778818,7,293
778818,8,240
778818,9,211
778818,10,185
778818,11,255
778818,12,264
778818,13,292
778818,14,316
778818,15,432
778818,16,531
778818,17,506
778818,18,343
778818,19,257
778818,20,213
778818,21,135
778818,22,87
778818,23,59
778819,0,26
778819,1,16
778819,2,19
778819,3,16
778819,4,27
778819,5,73
778819,6,144
778819,7,294
778819,8,236
778819,9,184
778819,10,157
778819,11,227
778819,12,221
778819,13,243
778819,14,287
778819,15,331
778819,16,356
778819,17,425
778819,18,282
778819,19,155
778819,20,145
778819,21,100
778819,22,81
778819,23,43
778820,0,28
778820,1,19
778820,2,15
778820,3,14
778820,4,37
778820,5,72
778820,6,111
778820,7,203
778820,8,176
778820,9,158
778820,10,159
778820,11,180
778820,12,195
778820,13,182
778820,14,236
778820,15,287
778820,16,365
778820,17,322
778820,18,208
778820,19,147
778820,20,132
778820,21,104
778820,22,67
778820,23,37
778821,0,37
778821,1,24
778821,2,21
778821,3,49
778821,4,108
778821,5,269
778821,6,430
778821,7,558
778821,8,432
778821,9,377
778821,10,322
778821,11,344
778821,12,404
778821,13,380
778821,14,492
778821,15,613
778821,16,723
778821,17,663
778821,18,582
778821,19,371
778821,20,259
778821,21,200
778821,22,141
778821,23,72
778822,0,41
778822,1,21
778822,2,26
778822,3,49
778822,4,115
778822,5,294
778822,6,475
778822,7,627
778822,8,494
778822,9,398
778822,10,325
778822,11,356
778822,12,427
778822,13,422
778822,14,525
778822,15,653
778822,16,743
778822,17,689
778822,18,583
778822,19,379
778822,20,274
778822,21,222
778822,22,128
778822,23,77
778823,0,8
778823,1,7
778823,2,6
778823,3,5
778823,4,11
778823,5,48
778823,6,100
778823,7,191
778823,8,184
778823,9,172
778823,10,133
778823,11,152
778823,12,152
778823,13,174
778823,14,208
778823,15,245
778823,16,316
778823,17,317
778823,18,226
778823,19,135
778823,20,109
778823,21,61
778823,22,46
778823,23,21
778824,0,13
778824,1,6
778824,2,3
778824,3,5
778824,4,22
778824,5,54
778824,6,70
778824,7,81
778824,8,87
778824,9,74
778824,10,72
778824,11,80
778824,12,71
778824,13,78
778824,14,104
778824,15,135
778824,16,118
778824,17,127
778824,18,117
778824,19,62
778824,20,53
778824,21,52
778824,22,25
778824,23,19
778825,0,6
778825,1,1
778825,2,2
778825,3,3
778825,4,4
778825,5,12
778825,6,23
778825,7,70
778825,8,45
778825,9,35
778825,10,55
778825,11,42
778825,12,46
778825,13,63
778825,14,44
778825,15,66
778825,16,68
778825,17,72
778825,18,52
778825,19,40
778825,20,34
778825,21,16
778825,22,14
778825,23,7
778826,0,56
778826,1,25
778826,2,33
778826,3,57
778826,4,146
778826,5,354
778826,6,570
778826,7,714
778826,8,638
778826,9,478
778826,10,406
778826,11,451
778826,12,533
778826,13,526
778826,14,665
778826,15,767
778826,16,875
778826,17,845
778826,18,703
778826,19,469
778826,20,335
778826,21,263
778826,22,166
778826,23,105
778828,0,48
778828,1,24
778828,2,29
778828,3,37
778828,4,116
778828,5,305
778828,6,564
778828,7,919
778828,8,723
778828,9,453
778828,10,408
778828,11,444
778828,12,533
778828,13,559
778828,14,815
778828,15,926
778828,16,959
778828,17,879
778828,18,585
778828,19,381
778828,20,356
778828,21,233
778828,22,146
778828,23,82
778829,0,67
778829,1,53
778829,2,52
778829,3,77
778829,4,206
778829,5,353
778829,6,693
778829,7,1013
778829,8,923
778829,9,798
778829,10,734
778829,11,880
778829,12,928
778829,13,937
778829,14,1185
778829,15,1338
778829,16,1422
778829,17,1415
778829,18,944
778829,19,608
778829,20,475
778829,21,330
778829,22,213
778829,23,139
778830,0,20
778830,1,21
778830,2,16
778830,3,16
778830,4,34
778830,5,64
778830,6,90
778830,7,311
778830,8,229
778830,9,128
778830,10,109
778830,11,122
778830,12,197
778830,13,232
778830,14,198
778830,15,201
778830,16,257
778830,17,241
778830,18,186
778830,19,108
778830,20,86
778830,21,58
778830,22,41
778830,23,36
778831,0,51
778831,1,48
778831,2,46
778831,3,43
778831,4,101
778831,5,221
778831,6,439
778831,7,709
778831,8,494
778831,9,395
778831,10,333
778831,11,414
778831,12,423
778831,13,495
778831,14,608
778831,15,689
778831,16,927
778831,17,902
778831,18,563
778831,19,355
778831,20,298
778831,21,227
778831,22,142
778831,23,75
778832,0,59
778832,1,42
778832,2,46
778832,3,42
778832,4,99
778832,5,200
778832,6,386
778832,7,612
778832,8,436
778832,9,353
778832,10,321
778832,11,366
778832,12,384
778832,13,427
778832,14,496
778832,15,583
778832,16,748
778832,17,743
778832,18,494
778832,19,339
778832,20,312
778832,21,214
778832,22,141
778832,23,68
778833,0,15
778833,1,14
778833,2,10
778833,3,26
778833,4,43
778833,5,118
778833,6,168
778833,7,230
778833,8,208
778833,9,204
778833,10,180
778833,11,195
778833,12,253
778833,13,221
778833,14,321
778833,15,348
778833,16,378
778833,17,384
778833,18,347
778833,19,231
778833,20,165
778833,21,123
778833,22,74
778833,23,48
778834,0,52
778834,1,43
778834,2,33
778834,3,34
778834,4,97
778834,5,194
778834,6,354
778834,7,512
778834,8,398
778834,9,343
778834,10,288
778834,11,350
778834,12,375
778834,13,409
778834,14,442
778834,15,556
778834,16,659
778834,17,686
778834,18,453
778834,19,328
778834,20,285
778834,21,185
778834,22,151
778834,23,85
778835,0,46
778835,1,33
778835,2,31
778835,3,24
778835,4,69
778835,5,150
778835,6,269
778835,7,397
778835,8,311
778835,9,244
778835,10,218
778835,11,288
778835,12,270
778835,13,332
778835,14,304
778835,15,446
778835,16,459
778835,17,494
778835,18,354
778835,19,302
778835,20,232
778835,21,157
778835,22,128
778835,23,58
778836,0,4
778836,1,3
778836,2,3
778836,3,4
778836,4,10
778836,5,31
778836,6,50
778836,7,66
778836,8,60
778836,9,80
778836,10,75
778836,11,76
778836,12,87
778836,13,81
778836,14,96
778836,15,96
778836,16,110
778836,17,112
778836,18,105
778836,19,95
778836,20,65
778836,21,57
778836,22,28
778836,23,20
778837,0,5
778837,1,2
778837,2,3
778837,3,4
778837,4,13
778837,5,45
778837,6,62
778837,7,87
778837,8,67
778837,9,84
778837,10,81
778837,11,82
778837,12,83
778837,13,83
778837,14,92
778837,15,105
778837,16,125
778837,17,118
778837,18,110
778837,19,93
778837,20,70
778837,21,61
778837,22,25
778837,23,14
778838,0,9
778838,1,9
778838,2,8
778838,3,5
778838,4,10
778838,5,11
778838,6,34
778838,7,47
778838,8,49
778838,9,32
778838,10,52
778838,11,45
778838,12,53
778838,13,48
778838,14,50
778838,15,93
778838,16,67
778838,17,88
778838,18,75
778838,19,54
778838,20,40
778838,21,18
778838,22,14
778838,23,13
778839,0,48
778839,1,39
778839,2,34
778839,3,32
778839,4,77
778839,5,156
778839,6,255
778839,7,448
778839,8,352
778839,9,284
778839,10,260
778839,11,305
778839,12,332
778839,13,355
778839,14,334
778839,15,438
778839,16,463
778839,17,512
778839,18,394
778839,19,309
778839,20,226
778839,21,171
778839,22,124
778839,23,89
778840,0,7
778840,1,5
778840,2,3
778840,3,8
778840,4,25
778840,5,42
778840,6,46
778840,7,74
778840,8,80
778840,9,63
778840,10,64
778840,11,60
778840,12,76
778840,13,75
778840,14,90
778840,15,97
778840,16,106
778840,17,106
778840,18,91
778840,19,63
778840,20,55
778840,21,48
778840,22,19
778840,23,15
778841,0,49
778841,1,32
778841,2,28
778841,3,49
778841,4,93
778841,5,182
778841,6,296
778841,7,359
778841,8,305
778841,9,235
778841,10,294
778841,11,310
778841,12,284
778841,13,267
778841,14,293
778841,15,333
778841,16,430
778841,17,435
778841,18,387
778841,19,279
778841,20,244
778841,21,184
778841,22,140
778841,23,106
778842,0,49
778842,1,23
778842,2,28
778842,3,31
778842,4,56
778842,5,114
778842,6,225
778842,7,343
778842,8,339
778842,9,263
778842,10,220
778842,11,277
778842,12,313
778842,13,345
778842,14,380
778842,15,526
778842,16,564
778842,17,568
778842,18,416
778842,19,323
778842,20,226
778842,21,162
778842,22,93
778842,23,67
778844,0,22
778844,1,18
778844,2,14
778844,3,24
778844,4,56
778844,5,100
778844,6,122
778844,7,453
778844,8,251
778844,9,163
778844,10,137
778844,11,149
778844,12,161
778844,13,209
778844,14,338
778844,15,325
778844,16,254
778844,17,317
778844,18,253
778844,19,144
778844,20,111
778844,21,80
778844,22,58
778844,23,31
778845,0,33
778845,1,19
778845,2,11
778845,3,20
778845,4,36
778845,5,88
778845,6,148
778845,7,228
778845,8,238
778845,9,143
778845,10,167
778845,11,121
778845,12,165
778845,13,245
778845,14,252
778845,15,260
778845,16,292
778845,17,307
778845,18,237
778845,19,153
778845,20,161
778845,21,116
778845,22,79
778845,23,36
778846,0,10
778846,1,6
778846,2,5
778846,3,19
778846,4,26
778846,5,44
778846,6,70
778846,7,105
778846,8,131
778846,9,119
778846,10,41
778846,11,78
778846,12,74
778846,13,84
778846,14,106
778846,15,150
778846,16,150
778846,17,132
778846,18,106
778846,19,85
778846,20,59
778846,21,51
778846,22,25
778846,23,13
778847,0,128
778847,1,105
778847,2,75
778847,3,93
778847,4,213
778847,5,447
778847,6,697
778847,7,823
778847,8,776
778847,9,673
778847,10,626
778847,11,677
778847,12,733
778847,13,780
778847,14,917
778847,15,987
778847,16,1120
778847,17,1043
778847,18,794
778847,19,709
778847,20,573
778847,21,466
778847,22,345
778847,23,243
778848,0,127
778848,1,88
778848,2,74
778848,3,87
778848,4,202
778848,5,402
778848,6,693
778848,7,768
778848,8,713
778848,9,619
778848,10,596
778848,11,636
778848,12,680
778848,13,710
778848,14,841
778848,15,894
778848,16,996
778848,17,914
778848,18,721
778848,19,649
778848,20,541
778848,21,414
778848,22,305
778848,23,223
778849,0,26
778849,1,18
778849,2,9
778849,3,12
778849,4,22
778849,5,74
778849,6,198
778849,7,310
778849,8,357
778849,9,232
778849,10,149
778849,11,216
778849,12,235
778849,13,240
778849,14,277
778849,15,456
778849,16,447
778849,17,481
778849,18,315
778849,19,285
778849,20,165
778849,21,132
778849,22,66
778849,23,34
778850,0,139
778850,1,110
778850,2,84
778850,3,96
778850,4,203
778850,5,427
778850,6,719
778850,7,972
778850,8,854
778850,9,748
778850,10,663
778850,11,731
778850,12,791
778850,13,820
778850,14,951
778850,15,1141
778850,16,1198
778850,17,1241
778850,18,919
778850,19,667
778850,20,541
778850,21,405
778850,22,297
778850,23,200
778851,0,14
778851,1,11
778851,2,10
778851,3,14
778851,4,20
778851,5,29
778851,6,76
778851,7,83
778851,8,74
778851,9,61
778851,10,69
778851,11,76
778851,12,64
778851,13,83
778851,14,95
778851,15,132
778851,16,100
778851,17,119
778851,18,94
778851,19,78
778851,20,54
778851,21,46
778851,22,30
778851,23,17
778852,0,99
778852,1,81
778852,2,72
778852,3,125
778852,4,337
778852,5,713
778852,6,1095
778852,7,1175
778852,8,1152
778852,9,848
778852,10,888
778852,11,982
778852,12,1043
778852,13,1177
778852,14,1305
778852,15,1510
778852,16,1681
778852,17,1483
778852,18,1123
778852,19,706
778852,20,578
778852,21,409
778852,22,305
778852,23,200
778853,0,6
778853,1,5
778853,2,3
778853,3,5
778853,4,6
778853,5,16
778853,6,37
778853,7,56
778853,8,78
778853,9,73
778853,10,56
778853,11,75
778853,12,60
778853,13,65
778853,14,79
778853,15,98
778853,16,98
778853,17,120
778853,18,65
778853,19,56
778853,20,44
778853,21,47
778853,22,15
778853,23,18
778854,0,70
778854,1,53
778854,2,52
778854,3,79
778854,4,201
778854,5,363
778854,6,698
778854,7,1076
778854,8,925
778854,9,850
778854,10,774
778854,11,947
778854,12,971
778854,13,952
778854,14,1196
778854,15,1373
778854,16,1508
778854,17,1475
778854,18,1063
778854,19,651
778854,20,549
778854,21,388
778854,22,215
778854,23,143
778855,0,47
778855,1,34
778855,2,38
778855,3,52
778855,4,101
778855,5,218
778855,6,347
778855,7,339
778855,8,246
778855,9,285
778855,10,292
778855,11,319
778855,12,325
778855,13,343
778855,14,369
778855,15,427
778855,16,443
778855,17,511
778855,18,401
778855,19,340
778855,20,286
778855,21,195
778855,22,118
778855,23,78
778856,0,27
778856,1,29
778856,2,14
778856,3,36
778856,4,69
778856,5,168
778856,6,306
778856,7,370
778856,8,270
778856,9,263
778856,10,233
778856,11,294
778856,12,268
778856,13,247
778856,14,360
778856,15,371
778856,16,508
778856,17,426
778856,18,327
778856,19,219
778856,20,159
778856,21,96
778856,22,76
778856,23,69
778857,0,120
778857,1,90
778857,2,93
778857,3,102
778857,4,200
778857,5,362
778857,6,655
778857,7,837
778857,8,759
778857,9,702
778857,10,701
778857,11,689
778857,12,762
778857,13,812
778857,14,836
778857,15,893
778857,16,957
778857,17,913
778857,18,709
778857,19,631
778857,20,525
778857,21,418
778857,22,287
778857,23,177
778858,0,128
778858,1,110
778858,2,84
778858,3,124
778858,4,280
778858,5,509
778858,6,818
778858,7,1214
778858,8,1016
778858,9,809
778858,10,788
778858,11,832
778858,12,970
778858,13,1036
778858,14,1039
778858,15,1162
778858,16,1116
778858,17,1133
778858,18,954
778858,19,715
778858,20,595
778858,21,419
778858,22,294
778858,23,210
778859,0,21
778859,1,11
778859,2,10
778859,3,7
778859,4,39
778859,5,69
778859,6,143
778859,7,333
778859,8,355
778859,9,198
778859,10,169
778859,11,176
778859,12,168
778859,13,216
778859,14,265
778859,15,397
778859,16,309
778859,17,361
778859,18,229
778859,19,110
778859,20,90
778859,21,73
778859,22,42
778859,23,31
778860,0,114
778860,1,86
778860,2,77
778860,3,88
778860,4,188
778860,5,396
778860,6,643
778860,7,779
778860,8,728
778860,9,631
778860,10,575
778860,11,632
778860,12,706
778860,13,704
778860,14,869
778860,15,930
778860,16,1021
778860,17,876
778860,18,731
778860,19,644
778860,20,533
778860,21,414
778860,22,320
778860,23,218
778861,0,6
778861,1,7
778861,2,4
778861,3,7
778861,4,14
778861,5,31
778861,6,32
778861,7,65
778861,8,69
778861,9,65
778861,10,65
778861,11,71
778861,12,78
778861,13,99
778861,14,89
778861,15,101
778861,16,128
778861,17,127
778861,18,80
778861,19,41
778861,20,49
778861,21,29
778861,22,17
778861,23,22
778862,0,5
778862,1,6
778862,2,7
778862,3,2
778862,4,4
778862,5,12
778862,6,39
778862,7,59
778862,8,43
778862,9,34
778862,10,32
778862,11,43
778862,12,45
778862,13,73
778862,14,60
778862,15,63
778862,16,72
778862,17,61
778862,18,56
778862,19,46
778862,20,34
778862,21,19
778862,22,14
778862,23,14
778863,0,31
778863,1,25
778863,2,17
778863,3,36
778863,4,58
778863,5,100
778863,6,284
778863,7,441
778863,8,477
778863,9,313
778863,10,320
778863,11,381
778863,12,355
778863,13,448
778863,14,520
778863,15,585
778863,16,592
778863,17,566
778863,18,415
778863,19,318
778863,20,246
778863,21,164
778863,22,103
778863,23,80
778865,0,19
778865,1,17
778865,2,17
778865,3,37
778865,4,67
778865,5,147
778865,6,251
778865,7,425
778865,8,202
778865,9,221
778865,10,219
778865,11,205
778865,12,230
778865,13,295
778865,14,404
778865,15,361
778865,16,471
778865,17,431
778865,18,302
778865,19,238
778865,20,176
778865,21,94
778865,22,62
778865,23,41
778866,0,35
778866,1,21
778866,2,21
778866,3,30
778866,4,69
778866,5,169
778866,6,368
778866,7,539
778866,8,341
778866,9,328
778866,10,292
778866,11,303
778866,12,329
778866,13,437
778866,14,510
778866,15,477
778866,16,575
778866,17,544
778866,18,382
778866,19,286
778866,20,221
778866,21,167
778866,22,89
778866,23,53
778867,0,30
778867,1,16
778867,2,18
778867,3,40
778867,4,73
778867,5,177
778867,6,378
778867,7,506
778867,8,361
778867,9,386
778867,10,316
778867,11,302
778867,12,326
778867,13,343
778867,14,508
778867,15,514
778867,16,568
778867,17,542
778867,18,415
778867,19,283
778867,20,183
778867,21,148
778867,22,102
778867,23,50
778868,0,16
778868,1,26
778868,2,23
778868,3,17
778868,4,44
778868,5,66
778868,6,148
778868,7,381
778868,8,151
778868,9,141
778868,10,143
778868,11,171
778868,12,172
778868,13,212
778868,14,321
778868,15,287
778868,16,336
778868,17,281
778868,18,247
778868,19,145
778868,20,125
778868,21,70
778868,22,71
778868,23,31
778869,0,36
778869,1,14
778869,2,18
778869,3,35
778869,4,78
778869,5,152
778869,6,237
778869,7,264
778869,8,162
778869,9,144
778869,10,165
778869,11,163
778869,12,206
778869,13,236
778869,14,245
778869,15,324
778869,16,387
778869,17,328
778869,18,246
778869,19,219
778869,20,147
778869,21,94
778869,22,66
778869,23,45
778870,0,77
778870,1,56
778870,2,75
778870,3,108
778870,4,245
778870,5,498
778870,6,798
778870,7,969
778870,8,917
778870,9,770
778870,10,705
778870,11,843
778870,12,879
778870,13,868
778870,14,992
778870,15,1098
778870,16,1166
778870,17,1154
778870,18,959
778870,19,635
778870,20,459
778870,21,385
778870,22,229
778870,23,154
778871,0,91
778871,1,55
778871,2,27
778871,3,51
778871,4,86
778871,5,228
778871,6,448
778871,7,538
778871,8,513
778871,9,493
778871,10,510
778871,11,527
778871,12,648
778871,13,649
778871,14,682
778871,15,696
778871,16,873
778871,17,927
778871,18,783
778871,19,655
778871,20,460
778871,21,395
778871,22,211
778871,23,123
778872,0,89
778872,1,70
778872,2,82
778872,3,116
778872,4,282
778872,5,490
778872,6,889
778872,7,932
778872,8,774
778872,9,596
778872,10,558
778872,11,635
778872,12,738
778872,13,703
778872,14,912
778872,15,1094
778872,16,1154
778872,17,1016
778872,18,933
778872,19,657
778872,20,572
778872,21,381
778872,22,259
778872,23,167
778873,0,65
778873,1,35
778873,2,58
778873,3,91
778873,4,161
778873,5,449
778873,6,879
778873,7,1140
778873,8,993
778873,9,907
778873,10,862
778873,11,1010
778873,12,1053
778873,13,1060
778873,14,1249
778873,15,1420
778873,16,1595
778873,17,1514
778873,18,988
778873,19,629
778873,20,504
778873,21,312
778873,22,199
778873,23,142
778874,0,44
778874,1,28
778874,2,27
778874,3,34
778874,4,84
778874,5,173
778874,6,414
778874,7,571
778874,8,413
778874,9,303
778874,10,294
778874,11,323
778874,12,340
778874,13,385
778874,14,504
778874,15,582
778874,16,727
778874,17,651
778874,18,524
778874,19,348
778874,20,288
778874,21,224
778874,22,128
778874,23,78
778875,0,193
778875,1,131
778875,2,119
778875,3,185
778875,4,408
778875,5,766
778875,6,1035
778875,7,1090
778875,8,957
778875,9,944
778875,10,941
778875,11,1046
778875,12,1197
778875,13,1202
778875,14,1328
778875,15,1490
778875,16,1624
778875,17,1564
778875,18,1396
778875,19,967
778875,20,707
778875,21,576
778875,22,419
778875,23,283
778876,0,54
778876,1,42
778876,2,50
778876,3,56
778876,4,141
778876,5,262
778876,6,488
778876,7,626
778876,8,430
778876,9,372
778876,10,355
778876,11,376
778876,12,389
778876,13,455
778876,14,547
778876,15,634
778876,16,848
778876,17,765
778876,18,653
778876,19,447
778876,20,333
778876,21,260
778876,22,151
778876,23,102
778877,0,31
778877,1,32
778877,2,31
778877,3,44
778877,4,93
778877,5,155
778877,6,297
778877,7,503
778877,8,455
778877,9,329
778877,10,339
778877,11,389
778877,12,369
778877,13,468
778877,14,515
778877,15,612
778877,16,591
778877,17,541
778877,18,440
778877,19,297
778877,20,227
778877,21,153
778877,22,120
778877,23,65
778878,0,39
778878,1,32
778878,2,20
778878,3,33
778878,4,94
778878,5,145
778878,6,287
778878,7,326
778878,8,238
778878,9,182
778878,10,205
778878,11,201
778878,12,224
778878,13,256
778878,14,270
778878,15,338
778878,16,408
778878,17,425
778878,18,375
778878,19,261
778878,20,214
778878,21,159
778878,22,89
778878,23,55
778880,0,4
778880,1,12
778880,2,24
778880,3,21
778880,4,26
778880,5,64
778880,6,95
778880,7,134
778880,8,85
778880,9,74
778880,10,83
778880,11,96
778880,12,102
778880,13,102
778880,14,112
778880,15,123
778880,16,97
778880,17,64
778880,18,48
778880,19,29
778880,20,19
778880,21,17
778880,22,26
778880,23,12
778881,0,5
778881,1,5
778881,2,4
778881,3,2
778881,4,7
778881,5,19
778881,6,22
778881,7,47
778881,8,51
778881,9,52
778881,10,45
778881,11,52
778881,12,39
778881,13,55
778881,14,60
778881,15,95
778881,16,96
778881,17,100
778881,18,47
778881,19,24
778881,20,32
778881,21,20
778881,22,9
778881,23,6
778882,0,3
778882,1,5
778882,2,1
778882,3,1
778882,4,10
778882,5,23
778882,6,32
778882,7,60
778882,8,57
778882,9,52
778882,10,65
778882,11,44
778882,12,69
778882,13,62
778882,14,81
778882,15,62
778882,16,90
778882,17,87
778882,18,52
778882,19,36
778882,20,30
778882,21,22
778882,22,8
778882,23,13
778883,0,33
778883,1,21
778883,2,22
778883,3,30
778883,4,61
778883,5,135
778883,6,336
778883,7,546
778883,8,420
778883,9,332
778883,10,290
778883,11,298
778883,12,308
778883,13,358
778883,14,434
778883,15,536
778883,16,605
778883,17,550
778883,18,400
778883,19,281
778883,20,231
778883,21,186
778883,22,110
778883,23,65
778884,0,2
778884,1,5
778884,2,6
778884,3,3
778884,4,3
778884,5,18
778884,6,25
778884,7,46
778884,8,61
778884,9,51
778884,10,30
778884,11,44
778884,12,26
778884,13,47
778884,14,63
778884,15,74
778884,16,90
778884,17,70
778884,18,41
778884,19,31
778884,20,11
778884,21,20
778884,22,7
778884,23,6
778885,0,9
778885,1,4
778885,2,6
778885,3,5
778885,4,9
778885,5,18
778885,6,35
778885,7,73
778885,8,52
778885,9,62
778885,10,58
778885,11,54
778885,12,67
778885,13,81
778885,14,83
778885,15,84
778885,16,104
778885,17,105
778885,18,86
778885,19,44
778885,20,48
778885,21,24
778885,22,14
778885,23,12
778886,0,1
778886,1,4
778886,2,1
778886,3,0
778886,4,5
778886,5,8
778886,6,13
778886,7,11
778886,8,12
778886,9,13
778886,10,16
778886,11,18
778886,12,21
778886,13,15
778886,14,11
778886,15,34
778886,16,29
778886,17,32
778886,18,18
778886,19,19
778886,20,17
778886,21,11
778886,22,6
778886,23,3
778888,0,22
778888,1,16
778888,2,11
778888,3,6
778888,4,38
778888,5,73
778888,6,146
778888,7,333
778888,8,243
778888,9,236
778888,10,183
778888,11,208
778888,12,174
778888,13,214
778888,14,284
778888,15,374
778888,16,372
778888,17,432
778888,18,266
778888,19,132
778888,20,100
778888,21,58
778888,22,46
778888,23,24
778890,0,67
778890,1,35
778890,2,46
778890,3,65
778890,4,180
778890,5,353
778890,6,588
778890,7,618
778890,8,494
778890,9,476
778890,10,446
778890,11,468
778890,12,561
778890,13,618
778890,14,676
778890,15,793
778890,16,836
778890,17,797
778890,18,591
778890,19,379
778890,20,354
778890,21,239
778890,22,141
778890,23,98
778891,0,20
778891,1,13
778891,2,8
778891,3,10
778891,4,10
778891,5,74
778891,6,168
778891,7,373
778891,8,254
778891,9,134
778891,10,145
778891,11,144
778891,12,141
778891,13,143
778891,14,176
778891,15,287
778891,16,409
778891,17,434
778891,18,229
778891,19,143
778891,20,114
778891,21,67
778891,22,46
778891,23,39
778892,0,15
778892,1,13
778892,2,9
778892,3,3
778892,4,24
778892,5,70
778892,6,156
778892,7,340
778892,8,199
778892,9,215
778892,10,187
778892,11,222
778892,12,254
778892,13,235
778892,14,249
778892,15,343
778892,16,406
778892,17,398
778892,18,308
778892,19,201
778892,20,138
778892,21,91
778892,22,52
778892,23,32
778893,0,123
778893,1,114
778893,2,105
778893,3,146
778893,4,439
778893,5,911
778893,6,1338
778893,7,1490
778893,8,1245
778893,9,991
778893,10,832
778893,11,881
778893,12,971
778893,13,977
778893,14,1215
778893,15,1555
778893,16,1659
778893,17,1650
778893,18,1177
778893,19,675
778893,20,526
778893,21,430
778893,22,283
778893,23,213
778894,0,1
778894,1,5
778894,2,4
778894,3,3
778894,4,5
778894,5,11
778894,6,26
778894,7,42
778894,8,31
778894,9,28
778894,10,33
778894,11,34
778894,12,37
778894,13,41
778894,14,50
778894,15,70
778894,16,59
778894,17,49
778894,18,39
778894,19,18
778894,20,12
778894,21,9
778894,22,12
778894,23,6
778895,0,78
778895,1,47
778895,2,35
778895,3,60
778895,4,149
778895,5,348
778895,6,737
778895,7,1044
778895,8,847
778895,9,824
778895,10,759
778895,11,877
778895,12,842
778895,13,958
778895,14,1170
778895,15,1312
778895,16,1410
778895,17,1295
778895,18,1104
778895,19,583
778895,20,514
778895,21,295
778895,22,195
778895,23,114
778896,0,30
778896,1,24
778896,2,32
778896,3,38
778896,4,87
778896,5,215
778896,6,334
778896,7,396
778896,8,302
778896,9,281
778896,10,246
778896,11,276
778896,12,254
778896,13,337
778896,14,375
778896,15,461
778896,16,496
778896,17,515
778896,18,356
778896,19,241
778896,20,201
778896,21,144
778896,22,83
778896,23,62
778897,0,11
778897,1,8
778897,2,10
778897,3,5
778897,4,15
778897,5,57
778897,6,151
778897,7,237
778897,8,177
778897,9,149
778897,10,151
778897,11,169
778897,12,148
778897,13,146
778897,14,221
778897,15,293
778897,16,334
778897,17,380
778897,18,216
778897,19,149
778897,20,99
778897,21,74
778897,22,42
778897,23,29
778898,0,4
778898,1,1
778898,2,2
778898,3,4
778898,4,2
778898,5,4
778898,6,34
778898,7,42
778898,8,43
778898,9,43
778898,10,47
778898,11,38
778898,12,37
778898,13,42
778898,14,47
778898,15,79
778898,16,75
778898,17,80
778898,18,50
778898,19,32
778898,20,32
778898,21,29
778898,22,15
778898,23,4
778899,0,56
778899,1,35
778899,2,34
778899,3,61
778899,4,146
778899,5,277
778899,6,502
778899,7,589
778899,8,495
778899,9,370
778899,10,283
778899,11,279
778899,12,337
778899,13,408
778899,14,499
778899,15,633
778899,16,675
778899,17,688
778899,18,538
778899,19,290
778899,20,247
778899,21,177
778899,22,110
778899,23,88
778900,0,37
778900,1,22
778900,2,29
778900,3,36
778900,4,109
778900,5,207
778900,6,435
778900,7,467
778900,8,410
778900,9,365
778900,10,322
778900,11,378
778900,12,377
778900,13,419
778900,14,499
778900,15,604
778900,16,680
778900,17,605
778900,18,434
778900,19,304
778900,20,260
778900,21,156
778900,22,84
778900,23,65
778901,0,12
778901,1,45
778901,2,44
778901,3,74
778901,4,186
778901,5,375
778901,6,596
778901,7,577
778901,8,503
778901,9,390
778901,10,323
778901,11,293
778901,12,375
778901,13,459
778901,14,554
778901,15,716
778901,16,749
778901,17,767
778901,18,598
778901,19,315
778901,20,292
778901,21,213
778901,22,137
778901,23,96
778902,0,27
778902,1,11
778902,2,20
778902,3,32
778902,4,56
778902,5,131
778902,6,305
778902,7,478
778902,8,322
778902,9,236
778902,10,260
778902,11,243
778902,12,247
778902,13,302
778902,14,317
778902,15,455
778902,16,455
778902,17,422
778902,18,363
778902,19,275
778902,20,178
778902,21,159
778902,22,88
778902,23,56
778903,0,70
778903,1,44
778903,2,58
778903,3,58
778903,4,186
778903,5,421
778903,6,634
778903,7,727
778903,8,610
778903,9,486
778903,10,434
778903,11,420
778903,12,438
778903,13,544
778903,14,602
778903,15,763
778903,16,761
778903,17,744
778903,18,686
778903,19,510
778903,20,336
778903,21,242
778903,22,142
778903,23,104
778904,0,65
778904,1,52
778904,2,47
778904,3,62
778904,4,240
778904,5,526
778904,6,785
778904,7,838
778904,8,602
778904,9,495
778904,10,448
778904,11,498
778904,12,561
778904,13,577
778904,14,661
778904,15,842
778904,16,893
778904,17,966
778904,18,791
778904,19,499
778904,20,439
778904,21,289
778904,22,202
778904,23,112
778905,0,23
778905,1,17
778905,2,18
778905,3,22
778905,4,42
778905,5,105
778905,6,262
778905,7,444
778905,8,357
778905,9,347
778905,10,256
778905,11,262
778905,12,292
778905,13,291
778905,14,380
778905,15,498
778905,16,706
778905,17,749
778905,18,511
778905,19,288
778905,20,209
778905,21,128
778905,22,86
778905,23,45
778906,0,78
778906,1,48
778906,2,57
778906,3,69
778906,4,243
778906,5,498
778906,6,751
778906,7,880
778906,8,752
778906,9,648
778906,10,555
778906,11,542
778906,12,591
778906,13,669
778906,14,839
778906,15,960
778906,16,995
778906,17,987
778906,18,855
778906,19,544
778906,20,364
778906,21,242
778906,22,162
778906,23,113
778907,0,3
778907,1,1
778907,2,1
778907,3,3
778907,4,3
778907,5,4
778907,6,12
778907,7,31
778907,8,17
778907,9,15
778907,10,11
778907,11,23
778907,12,19
778907,13,27
778907,14,23
778907,15,40
778907,16,33
778907,17,33
778907,18,25
778907,19,11
778907,20,17
778907,21,8
778907,22,7
778907,23,2
778908,0,52
778908,1,46
778908,2,43
778908,3,70
778908,4,225
778908,5,436
778908,6,655
778908,7,696
778908,8,525
778908,9,403
778908,10,419
778908,11,449
778908,12,509
778908,13,538
778908,14,620
778908,15,755
778908,16,899
778908,17,936
778908,18,705
778908,19,469
778908,20,356
778908,21,283
778908,22,208
778908,23,120
778909,0,79
778909,1,44
778909,2,41
778909,3,48
778909,4,100
778909,5,252
778909,6,509
778909,7,842
778909,8,691
778909,9,705
778909,10,736
778909,11,835
778909,12,964
778909,13,1003
778909,14,1076
778909,15,1225
778909,16,1344
778909,17,1365
778909,18,974
778909,19,611
778909,20,518
778909,21,368
778909,22,217
778909,23,145
778910,0,9
778910,1,10
778910,2,15
778910,3,6
778910,4,36
778910,5,59
778910,6,123
778910,7,273
778910,8,191
778910,9,251
778910,10,177
778910,11,176
778910,12,159
778910,13,181
778910,14,250
778910,15,378
778910,16,421
778910,17,409
778910,18,266
778910,19,131
778910,20,100
778910,21,51
778910,22,38
778910,23,26
778911,0,2
778911,1,3
778911,2,2
778911,3,10
778911,4,8
778911,5,21
778911,6,41
778911,7,28
778911,8,39
778911,9,30
778911,10,21
778911,11,33
778911,12,30
778911,13,43
778911,14,44
778911,15,49
778911,16,51
778911,17,38
778911,18,29
778911,19,17
778911,20,16
778911,21,12
778911,22,7
778911,23,4
778913,0,82
778913,1,75
778913,2,57
778913,3,63
778913,4,156
778913,5,395
778913,6,653
778913,7,733
778913,8,557
778913,9,456
778913,10,425
778913,11,462
778913,12,472
778913,13,527
778913,14,642
778913,15,785
778913,16,940
778913,17,1020
778913,18,809
778913,19,529
778913,20,408
778913,21,321
778913,22,242
778913,23,136
778914,0,6
778914,1,4
778914,2,4
778914,3,7
778914,4,10
778914,5,23
778914,6,55
778914,7,68
778914,8,51
778914,9,54
778914,10,54
778914,11,70
778914,12,64
778914,13,78
778914,14,88
778914,15,72
778914,16,127
778914,17,126
778914,18,83
778914,19,63
778914,20,35
778914,21,36
778914,22,20
778914,23,15
778915,0,49
778915,1,46
778915,2,52
778915,3,72
778915,4,203
778915,5,460
778915,6,679
778915,7,874
778915,8,715
778915,9,435
778915,10,381
778915,11,440
778915,12,466
778915,13,494
778915,14,658
778915,15,868
778915,16,990
778915,17,1089
778915,18,699
778915,19,470
778915,20,327
778915,21,274
778915,22,185
778915,23,107
778916,0,7
778916,1,8
778916,2,9
778916,3,4
778916,4,15
778916,5,57
778916,6,145
778916,7,246
778916,8,171
778916,9,119
778916,10,142
778916,11,151
778916,12,139
778916,13,156
778916,14,192
778916,15,249
778916,16,307
778916,17,313
778916,18,188
778916,19,108
778916,20,93
778916,21,55
778916,22,19
778916,23,25
778917,0,5
778917,1,3
778917,2,7
778917,3,5
778917,4,6
778917,5,14
778917,6,21
778917,7,26
778917,8,24
778917,9,20
778917,10,19
778917,11,26
778917,12,24
778917,13,25
778917,14,35
778917,15,50
778917,16,59
778917,17,58
778917,18,28
778917,19,32
778917,20,22
778917,21,14
778917,22,12
778917,23,9
778918,0,54
778918,1,39
778918,2,30
778918,3,52
778918,4,98
778918,5,283
778918,6,621
778918,7,976
778918,8,843
778918,9,725
778918,10,593
778918,11,603
778918,12,663
778918,13,637
778918,14,754
778918,15,894
778918,16,1098
778918,17,1139
778918,18,833
778918,19,551
778918,20,492
778918,21,380
778918,22,235
778918,23,117
778919,0,1
778919,1,1
778919,2,1
778919,3,2
778919,4,3
778919,5,6
778919,6,20
778919,7,26
778919,8,33
778919,9,22
778919,10,29
778919,11,35
778919,12,28
778919,13,17
778919,14,28
778919,15,41
778919,16,36
778919,17,31
778919,18,21
778919,19,8
778919,20,15
778919,21,9
778919,22,5
778919,23,2
778920,0,46
778920,1,50
778920,2,50
778920,3,72
778920,4,223
778920,5,463
778920,6,709
778920,7,875
778920,8,725
778920,9,432
778920,10,383
778920,11,443
778920,12,476
778920,13,491
778920,14,675
778920,15,913
778920,16,999
778920,17,1073
778920,18,687
778920,19,455
778920,20,338
778920,21,262
778920,22,192
778920,23,95
778921,0,55
778921,1,47
778921,2,56
778921,3,46
778921,4,169
778921,5,416
778921,6,547
778921,7,686
778921,8,552
778921,9,415
778921,10,360
778921,11,391
778921,12,412
778921,13,488
778921,14,642
778921,15,829
778921,16,977
778921,17,902
778921,18,643
778921,19,358
778921,20,280
778921,21,220
778921,22,154
778921,23,92
778922,0,44
778922,1,40
778922,2,28
778922,3,54
778922,4,113
778922,5,319
778922,6,627
778922,7,1056
778922,8,971
778922,9,725
778922,10,587
778922,11,589
778922,12,603
778922,13,659
778922,14,781
778922,15,963
778922,16,1135
778922,17,1158
778922,18,895
778922,19,538
778922,20,434
778922,21,319
778922,22,205
778922,23,110
778923,0,42
778923,1,49
778923,2,41
778923,3,67
778923,4,193
778923,5,396
778923,6,456
778923,7,525
778923,8,453
778923,9,312
778923,10,295
778923,11,307
778923,12,363
778923,13,363
778923,14,519
778923,15,585
778923,16,637
778923,17,636
778923,18,464
778923,19,337
778923,20,214
778923,21,210
778923,22,139
778923,23,97
778924,0,4
778924,1,4
778924,2,1
778924,3,4
778924,4,2
778924,5,15
778924,6,55
778924,7,129
778924,8,84
778924,9,19
778924,10,37
778924,11,40
778924,12,28
778924,13,43
778924,14,71
778924,15,80
778924,16,102
778924,17,74
778924,18,69
778924,19,36
778924,20,37
778924,21,25
778924,22,10
778924,23,3
778925,0,54
778925,1,52
778925,2,46
778925,3,57
778925,4,203
778925,5,441
778925,6,508
778925,7,558
778925,8,525
778925,9,406
778925,10,364
778925,11,412
778925,12,491
778925,13,417
778925,14,567
778925,15,665
778925,16,699
778925,17,691
778925,18,517
778925,19,367
778925,20,259
778925,21,214
778925,22,166
778925,23,115
778926,0,89
778926,1,65
778926,2,65
778926,3,119
778926,4,276
778926,5,603
778926,6,930
778926,7,1066
778926,8,863
778926,9,856
778926,10,698
778926,11,794
778926,12,770
778926,13,842
778926,14,948
778926,15,1205
778926,16,1152
778926,17,1148
778926,18,797
778926,19,482
778926,20,428
778926,21,338
778926,22,229
778926,23,137
778928,0,84
778928,1,49
778928,2,48
778928,3,68
778928,4,158
778928,5,368
778928,6,604
778928,7,691
778928,8,653
778928,9,940
778928,10,711
778928,11,731
778928,12,796
778928,13,783
778928,14,982
778928,15,1051
778928,16,1134
778928,17,1047
778928,18,843
778928,19,664
778928,20,559
778928,21,347
778928,22,231
778928,23,169
778929,0,4
778929,1,4
778929,2,6
778929,3,7
778929,4,29
778929,5,29
778929,6,57
778929,7,59
778929,8,53
778929,9,56
778929,10,36
778929,11,48
778929,12,54
778929,13,52
778929,14,48
778929,15,66
778929,16,69
778929,17,63
778929,18,51
778929,19,38
778929,20,41
778929,21,27
778929,22,26
778929,23,19
778930,0,1
778930,1,0
778930,2,1
778930,3,1
778930,4,0
778930,5,4
778930,6,7
778930,7,16
778930,8,15
778930,9,14
778930,10,18
778930,11,9
778930,12,13
778930,13,15
778930,14,12
778930,15,28
778930,16,19
778930,17,23
778930,18,11
778930,19,10
778930,20,11
778930,21,4
778930,22,2
778930,23,3
778932,0,36
778932,1,18
778932,2,29
778932,3,34
778932,4,72
778932,5,133
778932,6,214
778932,7,334
778932,8,314
778932,9,202
778932,10,222
778932,11,221
778932,12,254
778932,13,241
778932,14,348
778932,15,383
778932,16,425
778932,17,382
778932,18,272
778932,19,214
778932,20,168
778932,21,103
778932,22,82
778932,23,48
778933,0,1
778933,1,2
778933,2,2
778933,3,2
778933,4,4
778933,5,7
778933,6,18
778933,7,56
778933,8,21
778933,9,23
778933,10,27
778933,11,20
778933,12,22
778933,13,28
778933,14,24
778933,15,29
778933,16,36
778933,17,36
778933,18,23
778933,19,10
778933,20,11
778933,21,8
778933,22,6
778933,23,2
778935,0,4
778935,1,2
778935,2,3
778935,3,10
778935,4,12
778935,5,59
778935,6,158
778935,7,228
778935,8,378
778935,9,91
778935,10,77
778935,11,103
778935,12,115
778935,13,93
778935,14,187
778935,15,262
778935,16,218
778935,17,225
778935,18,149
778935,19,108
778935,20,85
778935,21,33
778935,22,31
778935,23,17
778936,0,35
778936,1,18
778936,2,26
778936,3,32
778936,4,69
778936,5,115
778936,6,198
778936,7,316
778936,8,355
778936,9,181
778936,10,188
778936,11,201
778936,12,230
778936,13,233
778936,14,319
778936,15,366
778936,16,431
778936,17,348
778936,18,246
778936,19,183
778936,20,144
778936,21,97
778936,22,74
778936,23,42
778937,0,72
778937,1,34
778937,2,45
778937,3,61
778937,4,153
778937,5,357
778937,6,609
778937,7,858
778937,8,635
778937,9,543
778937,10,557
778937,11,639
778937,12,671
778937,13,678
778937,14,960
778937,15,931
778937,16,1075
778937,17,921
778937,18,742
778937,19,606
778937,20,438
778937,21,298
778937,22,185
778937,23,119
778938,0,0
778938,1,0
778938,2,0
778938,3,0
778938,4,2
778938,5,2
778938,6,1
778938,7,3
778938,8,4
778938,9,9
778938,10,2
778938,11,4
778938,12,5
778938,13,4
778938,14,10
778938,15,13
778938,16,6
778938,17,4
778938,18,3
778938,19,2
778938,20,4
778938,21,1
778938,22,2
778938,23,1
778939,0,17
778939,1,15
778939,2,12
778939,3,21
778939,4,59
778939,5,106
778939,6,239
778939,7,540
778939,8,202
778939,9,304
778939,10,148
778939,11,151
778939,12,171
778939,13,216
778939,14,430
778939,15,421
778939,16,456
778939,17,429
778939,18,352
778939,19,245
778939,20,123
778939,21,120
778939,22,45
778939,23,39
778940,0,34
778940,1,21
778940,2,27
778940,3,67
778940,4,140
778940,5,209
778940,6,378
778940,7,439
778940,8,376
778940,9,323
778940,10,287
778940,11,286
778940,12,362
778940,13,386
778940,14,454
778940,15,564
778940,16,562
778940,17,520
778940,18,379
778940,19,314
778940,20,216
778940,21,154
778940,22,103
778940,23,74
778942,0,39
778942,1,46
778942,2,30
778942,3,81
778942,4,147
778942,5,302
778942,6,428
778942,7,413
778942,8,319
778942,9,328
778942,10,357
778942,11,386
778942,12,432
778942,13,441
778942,14,534
778942,15,588
778942,16,622
778942,17,613
778942,18,513
778942,19,361
778942,20,243
778942,21,174
778942,22,137
778942,23,67
778943,0,11
778943,1,7
778943,2,5
778943,3,5
778943,4,18
778943,5,52
778943,6,84
778943,7,87
778943,8,55
778943,9,83
778943,10,82
778943,11,71
778943,12,82
778943,13,95
778943,14,124
778943,15,114
778943,16,172
778943,17,143
778943,18,115
778943,19,76
778943,20,54
778943,21,55
778943,22,32
778943,23,12
778944,0,76
778944,1,35
778944,2,42
778944,3,47
778944,4,121
778944,5,261
778944,6,548
778944,7,967
778944,8,849
778944,9,742
778944,10,713
778944,11,842
778944,12,872
778944,13,914
778944,14,1130
778944,15,1348
778944,16,1478
778944,17,1340
778944,18,1091
778944,19,584
778944,20,487
778944,21,308
778944,22,199
778944,23,106
778945,0,12
778945,1,7
778945,2,8
778945,3,9
778945,4,55
778945,5,68
778945,6,150
778945,7,178
778945,8,109
778945,9,103
778945,10,93
778945,11,81
778945,12,104
778945,13,87
778945,14,126
778945,15,182
778945,16,220
778945,17,214
778945,18,149
778945,19,113
778945,20,100
778945,21,55
778945,22,28
778945,23,28
778946,0,11
778946,1,11
778946,2,1
778946,3,9
778946,4,28
778946,5,44
778946,6,91
778946,7,104
778946,8,61
778946,9,59
778946,10,49
778946,11,42
778946,12,39
778946,13,44
778946,14,69
778946,15,83
778946,16,111
778946,17,96
778946,18,86
778946,19,63
778946,20,50
778946,21,33
778946,22,17
778946,23,15
778947,0,46
778947,1,20
778947,2,28
778947,3,34
778947,4,99
778947,5,181
778947,6,348
778947,7,375
778947,8,332
778947,9,286
778947,10,331
778947,11,381
778947,12,324
778947,13,346
778947,14,402
778947,15,473
778947,16,537
778947,17,650
778947,18,537
778947,19,363
778947,20,270
778947,21,225
778947,22,123
778947,23,72
778949,0,5
778949,1,9
778949,2,7
778949,3,20
778949,4,24
778949,5,33
778949,6,55
778949,7,92
778949,8,71
778949,9,64
778949,10,51
778949,11,54
778949,12,79
778949,13,91
778949,14,103
778949,15,126
778949,16,120
778949,17,101
778949,18,62
778949,19,41
778949,20,47
778949,21,34
778949,22,19
778949,23,17
778950,0,6
778950,1,6
778950,2,5
778950,3,5
778950,4,21
778950,5,46
778950,6,124
778950,7,221
778950,8,117
778950,9,129
778950,10,82
778950,11,86
778950,12,125
778950,13,139
778950,14,178
778950,15,235
778950,16,288
778950,17,291
778950,18,175
778950,19,89
778950,20,82
778950,21,31
778950,22,24
778950,23,17
778951,0,8
778951,1,6
778951,2,5
778951,3,2
778951,4,15
778951,5,40
778951,6,125
778951,7,245
778951,8,144
778951,9,166
778951,10,116
778951,11,116
778951,12,156
778951,13,170
778951,14,226
778951,15,297
778951,16,411
778951,17,453
778951,18,246
778951,19,130
778951,20,92
778951,21,44
778951,22,22
778951,23,18
778952,0,10
778952,1,13
778952,2,8
778952,3,8
778952,4,17
778952,5,38
778952,6,86
778952,7,177
778952,8,80
778952,9,88
778952,10,72
778952,11,91
778952,12,95
778952,13,106
778952,14,151
778952,15,159
778952,16,220
778952,17,255
778952,18,109
778952,19,56
778952,20,39
778952,21,41
778952,22,20
778952,23,11
778953,0,7
778953,1,4
778953,2,6
778953,3,6
778953,4,14
778953,5,49
778953,6,88
778953,7,171
778953,8,92
778953,9,106
778953,10,93
778953,11,109
778953,12,117
778953,13,104
778953,14,130
778953,15,182
778953,16,228
778953,17,226
778953,18,140
778953,19,91
778953,20,83
778953,21,46
778953,22,26
778953,23,10
778954,0,5
778954,1,9
778954,2,2
778954,3,6
778954,4,16
778954,5,32
778954,6,79
778954,7,146
778954,8,94
778954,9,57
778954,10,57
778954,11,75
778954,12,62
778954,13,79
778954,14,113
778954,15,140
778954,16,184
778954,17,194
778954,18,87
778954,19,44
778954,20,35
778954,21,32
778954,22,12
778954,23,13
778955,0,15
778955,1,8
778955,2,8
778955,3,9
778955,4,13
778955,5,41
778955,6,121
778955,7,222
778955,8,170
778955,9,134
778955,10,126
778955,11,138
778955,12,137
778955,13,145
778955,14,162
778955,15,234
778955,16,312
778955,17,331
778955,18,228
778955,19,129
778955,20,104
778955,21,67
778955,22,33
778955,23,12
778956,0,6
778956,1,4
778956,2,3
778956,3,4
778956,4,8
778956,5,33
778956,6,22
778956,7,32
778956,8,25
778956,9,23
778956,10,17
778956,11,19
778956,12,33
778956,13,20
778956,14,54
778956,15,32
778956,16,29
778956,17,39
778956,18,27
778956,19,11
778956,20,17
778956,21,7
778956,22,6
778956,23,2
778957,0,5
778957,1,5
778957,2,4
778957,3,9
778957,4,14
778957,5,40
778957,6,76
778957,7,152
778957,8,97
778957,9,67
778957,10,63
778957,11,72
778957,12,72
778957,13,83
778957,14,96
778957,15,128
778957,16,152
778957,17,172
778957,18,96
778957,19,69
778957,20,57
778957,21,37
778957,22,26
778957,23,15
778958,0,4
778958,1,4
778958,2,3
778958,3,7
778958,4,14
778958,5,56
778958,6,102
778958,7,167
778958,8,129
778958,9,84
778958,10,81
778958,11,95
778958,12,92
778958,13,94
778958,14,109
778958,15,139
778958,16,154
778958,17,149
778958,18,97
778958,19,88
778958,20,73
778958,21,42
778958,22,22
778958,23,6
778959,0,58
778959,1,31
778959,2,36
778959,3,42
778959,4,129
778959,5,362
778959,6,668
778959,7,977
778959,8,949
778959,9,647
778959,10,558
778959,11,647
778959,12,642
778959,13,656
778959,14,764
778959,15,1036
778959,16,1168
778959,17,1242
778959,18,856
778959,19,502
778959,20,415
778959,21,308
778959,22,180
778959,23,114
778961,0,0
778961,1,0
778961,2,0
778961,3,3
778961,4,0
778961,5,4
778961,6,10
778961,7,14
778961,8,12
778961,9,6
778961,10,5
778961,11,16
778961,12,21
778961,13,10
778961,14,14
778961,15,20
778961,16,18
778961,17,12
778961,18,7
778961,19,4
778961,20,3
778961,21,1
778961,22,2
778961,23,2
778962,0,0
778962,1,1
778962,2,0
778962,3,3
778962,4,1
778962,5,1
778962,6,1
778962,7,8
778962,8,13
778962,9,16
778962,10,14
778962,11,8
778962,12,14
778962,13,18
778962,14,8
778962,15,14
778962,16,18
778962,17,15
778962,18,20
778962,19,9
778962,20,8
778962,21,3
778962,22,1
778962,23,0
778963,0,9
778963,1,6
778963,2,5
778963,3,9
778963,4,34
778963,5,50
778963,6,71
778963,7,100
778963,8,100
778963,9,77
778963,10,93
778963,11,96
778963,12,98
778963,13,102
778963,14,118
778963,15,122
778963,16,138
778963,17,147
778963,18,117
778963,19,85
778963,20,73
778963,21,55
778963,22,21
778963,23,14
778964,0,24
778964,1,17
778964,2,13
778964,3,21
778964,4,53
778964,5,97
778964,6,252
778964,7,466
778964,8,255
778964,9,238
778964,10,199
778964,11,230
778964,12,247
778964,13,257
778964,14,373
778964,15,412
778964,16,427
778964,17,465
778964,18,353
778964,19,262
778964,20,255
778964,21,129
778964,22,95
778964,23,49
778965,0,24
778965,1,12
778965,2,14
778965,3,23
778965,4,79
778965,5,140
778965,6,230
778965,7,304
778965,8,153
778965,9,142
778965,10,164
778965,11,123
778965,12,146
778965,13,174
778965,14,244
778965,15,293
778965,16,327
778965,17,309
778965,18,238
778965,19,166
778965,20,93
778965,21,95
778965,22,49
778965,23,27
778969,0,36
778969,1,17
778969,2,14
778969,3,24
778969,4,45
778969,5,127
778969,6,389
778969,7,642
778969,8,425
778969,9,381
778969,10,340
778969,11,325
778969,12,415
778969,13,425
778969,14,532
778969,15,734
778969,16,964
778969,17,860
778969,18,517
778969,19,298
778969,20,234
778969,21,137
778969,22,82
778969,23,44
778970,0,33
778970,1,24
778970,2,14
778970,3,21
778970,4,69
778970,5,138
778970,6,306
778970,7,397
778970,8,289
778970,9,310
778970,10,205
778970,11,218
778970,12,255
778970,13,322
778970,14,328
778970,15,420
778970,16,475
778970,17,493
778970,18,371
778970,19,274
778970,20,228
778970,21,147
778970,22,72
778970,23,49
778972,0,0
778972,1,2
778972,2,0
778972,3,0
778972,4,2
778972,5,1
778972,6,6
778972,7,11
778972,8,24
778972,9,14
778972,10,15
778972,11,12
778972,12,18
778972,13,16
778972,14,17
778972,15,27
778972,16,17
778972,17,18
778972,18,12
778972,19,9
778972,20,7
778972,21,3
778972,22,5
778972,23,3
778973,0,40
778973,1,23
778973,2,15
778973,3,63
778973,4,124
778973,5,196
778973,6,299
778973,7,338
778973,8,341
778973,9,218
778973,10,207
778973,11,228
778973,12,230
778973,13,254
778973,14,356
778973,15,404
778973,16,462
778973,17,426
778973,18,354
778973,19,260
778973,20,220
778973,21,124
778973,22,115
778973,23,67
778974,0,38
778974,1,23
778974,2,53
778974,3,77
778974,4,188
778974,5,303
778974,6,426
778974,7,484
778974,8,442
778974,9,335
778974,10,291
778974,11,336
778974,12,383
778974,13,418
778974,14,476
778974,15,594
778974,16,641
778974,17,608
778974,18,493
778974,19,365
778974,20,267
778974,21,186
778974,22,121
778974,23,72
778975,0,40
778975,1,17
778975,2,32
778975,3,37
778975,4,103
778975,5,262
778975,6,521
778975,7,772
778975,8,610
778975,9,452
778975,10,445
778975,11,527
778975,12,541
778975,13,518
778975,14,709
778975,15,780
778975,16,904
778975,17,745
778975,18,594
778975,19,455
778975,20,355
778975,21,235
778975,22,119
778975,23,63
778976,0,71
778976,1,32
778976,2,59
778976,3,86
778976,4,238
778976,5,393
778976,6,530
778976,7,543
778976,8,467
778976,9,393
778976,10,344
778976,11,376
778976,12,434
778976,13,506
778976,14,546
778976,15,659
778976,16,689
778976,17,693
778976,18,636
778976,19,443
778976,20,322
778976,21,253
778976,22,145
778976,23,107
778977,0,18
778977,1,13
778977,2,4
778977,3,9
778977,4,15
778977,5,41
778977,6,53
778977,7,58
778977,8,77
778977,9,67
778977,10,57
778977,11,66
778977,12,54
778977,13,87
778977,14,75
778977,15,88
778977,16,103
778977,17,106
778977,18,132
778977,19,106
778977,20,87
778977,21,46
778977,22,45
778977,23,18
778978,0,31
778978,1,39
778978,2,34
778978,3,75
778978,4,207
778978,5,514
778978,6,780
778978,7,926
778978,8,820
778978,9,725
778978,10,622
778978,11,647
778978,12,659
778978,13,678
778978,14,748
778978,15,1042
778978,16,1016
778978,17,968
778978,18,637
778978,19,407
778978,20,278
778978,21,218
778978,22,143
778978,23,63
778979,0,26
778979,1,19
778979,2,19
778979,3,36
778979,4,96
778979,5,156
778979,6,271
778979,7,308
778979,8,256
778979,9,206
778979,10,207
778979,11,202
778979,12,252
778979,13,294
778979,14,349
778979,15,407
778979,16,495
778979,17,411
778979,18,346
778979,19,245
778979,20,143
778979,21,140
778979,22,86
778979,23,61
778980,0,47
778980,1,32
778980,2,26
778980,3,56
778980,4,128
778980,5,273
778980,6,570
778980,7,821
778980,8,694
778980,9,657
778980,10,716
778980,11,748
778980,12,861
778980,13,914
778980,14,977
778980,15,1350
778980,16,1507
778980,17,1486
778980,18,931
778980,19,678
778980,20,507
778980,21,297
778980,22,153
778980,23,99
778981,0,12
778981,1,9
778981,2,4
778981,3,9
778981,4,22
778981,5,30
778981,6,73
778981,7,102
778981,8,109
778981,9,99
778981,10,103
778981,11,95
778981,12,102
778981,13,112
778981,14,141
778981,15,155
778981,16,175
778981,17,189
778981,18,119
778981,19,93
778981,20,89
778981,21,45
778981,22,31
778981,23,26
778982,0,3
778982,1,1
778982,2,0
778982,3,2
778982,4,9
778982,5,5
778982,6,26
778982,7,38
778982,8,49
778982,9,39
778982,10,31
778982,11,26
778982,12,26
778982,13,28
778982,14,39
778982,15,49
778982,16,55
778982,17,67
778982,18,35
778982,19,18
778982,20,9
778982,21,8
778982,22,4
778982,23,2
778983,0,4
778983,1,1
778983,2,2
778983,3,5
778983,4,7
778983,5,16
778983,6,19
778983,7,23
778983,8,21
778983,9,20
778983,10,28
778983,11,18
778983,12,25
778983,13,23
778983,14,32
778983,15,29
778983,16,35
778983,17,35
778983,18,31
778983,19,23
778983,20,11
778983,21,10
778983,22,5
778983,23,4
778984,0,16
778984,1,3
778984,2,5
778984,3,5
778984,4,13
778984,5,41
778984,6,61
778984,7,114
778984,8,97
778984,9,93
778984,10,64
778984,11,79
778984,12,83
778984,13,80
778984,14,99
778984,15,163
778984,16,212
778984,17,217
778984,18,120
778984,19,67
778984,20,43
778984,21,28
778984,22,25
778984,23,11
778985,0,5
778985,1,5
778985,2,7
778985,3,9
778985,4,29
778985,5,61
778985,6,135
778985,7,156
778985,8,133
778985,9,136
778985,10,103
778985,11,96
778985,12,135
778985,13,128
778985,14,160
778985,15,205
778985,16,243
778985,17,262
778985,18,145
778985,19,65
778985,20,60
778985,21,37
778985,22,28
778985,23,9
778986,0,14
778986,1,6
778986,2,9
778986,3,16
778986,4,31
778986,5,61
778986,6,86
778986,7,71
778986,8,90
778986,9,75
778986,10,71
778986,11,95
778986,12,92
778986,13,91
778986,14,108
778986,15,103
778986,16,135
778986,17,147
778986,18,131
778986,19,70
778986,20,77
778986,21,53
778986,22,30
778986,23,22
778987,0,12
778987,1,8
778987,2,10
778987,3,18
778987,4,44
778987,5,63
778987,6,125
778987,7,127
778987,8,160
778987,9,124
778987,10,114
778987,11,133
778987,12,123
778987,13,143
778987,14,156
778987,15,147
778987,16,187
778987,17,165
778987,18,171
778987,19,130
778987,20,99
778987,21,66
778987,22,33
778987,23,24
778989,0,3
778989,1,1
778989,2,1
778989,3,2
778989,4,11
778989,5,12
778989,6,18
778989,7,39
778989,8,28
778989,9,25
778989,10,28
778989,11,26
778989,12,19
778989,13,34
778989,14,34
778989,15,39
778989,16,39
778989,17,41
778989,18,26
778989,19,19
778989,20,12
778989,21,8
778989,22,5
778989,23,2
778990,0,2
778990,1,1
778990,2,0
778990,3,1
778990,4,0
778990,5,2
778990,6,2
778990,7,3
778990,8,10
778990,9,12
778990,10,11
778990,11,14
778990,12,24
778990,13,17
778990,14,22
778990,15,23
778990,16,9
778990,17,13
778990,18,13
778990,19,11
778990,20,8
778990,21,4
778990,22,1
778990,23,5
778991,0,5
778991,1,7
778991,2,5
778991,3,1
778991,4,20
778991,5,80
778991,6,87
778991,7,76
778991,8,55
778991,9,48
778991,10,52
778991,11,76
778991,12,74
778991,13,49
778991,14,58
778991,15,44
778991,16,64
778991,17,97
778991,18,49
778991,19,15
778991,20,11
778991,21,6
778991,22,2
778991,23,6
778992,0,14
778992,1,13
778992,2,5
778992,3,9
778992,4,34
778992,5,151
778992,6,127
778992,7,112
778992,8,93
778992,9,53
778992,10,63
778992,11,97
778992,12,86
778992,13,79
778992,14,86
778992,15,59
778992,16,65
778992,17,83
778992,18,60
778992,19,18
778992,20,13
778992,21,17
778992,22,9
778992,23,11
778994,0,18
778994,1,14
778994,2,9
778994,3,23
778994,4,73
778994,5,104
778994,6,180
778994,7,250
778994,8,311
778994,9,150
778994,10,109
778994,11,125
778994,12,148
778994,13,162
778994,14,246
778994,15,345
778994,16,317
778994,17,259
778994,18,213
778994,19,151
778994,20,135
778994,21,65
778994,22,46
778994,23,31
778998,0,1
778998,1,0
778998,2,2
778998,3,4
778998,4,4
778998,5,18
778998,6,23
778998,7,21
778998,8,17
778998,9,17
778998,10,17
778998,11,17
778998,12,17
778998,13,19
778998,14,33
778998,15,35
778998,16,43
778998,17,42
778998,18,27
778998,19,22
778998,20,16
778998,21,17
778998,22,5
778998,23,3
778999,0,3
778999,1,1
778999,2,1
778999,3,10
778999,4,11
778999,5,17
778999,6,20
778999,7,34
778999,8,24
778999,9,14
778999,10,29
778999,11,34
778999,12,26
778999,13,37
778999,14,20
778999,15,38
778999,16,46
778999,17,37
778999,18,34
778999,19,14
778999,20,16
778999,21,9
778999,22,6
778999,23,2
779001,0,52
779001,1,45
779001,2,58
779001,3,56
779001,4,108
779001,5,252
779001,6,419
779001,7,377
779001,8,477
779001,9,379
779001,10,363
779001,11,337
779001,12,346
779001,13,351
779001,14,427
779001,15,411
779001,16,484
779001,17,469
779001,18,358
779001,19,229
779001,20,206
779001,21,135
779001,22,110
779001,23,82
779002,0,50
779002,1,44
779002,2,38
779002,3,57
779002,4,131
779002,5,271
779002,6,592
779002,7,827
779002,8,672
779002,9,692
779002,10,726
779002,11,873
779002,12,896
779002,13,933
779002,14,1043
779002,15,1193
779002,16,1537
779002,17,1410
779002,18,1009
779002,19,671
779002,20,518
779002,21,322
779002,22,149
779002,23,105
779003,0,2
779003,1,1
779003,2,1
779003,3,0
779003,4,13
779003,5,24
779003,6,39
779003,7,58
779003,8,44
779003,9,38
779003,10,29
779003,11,38
779003,12,43
779003,13,46
779003,14,59
779003,15,61
779003,16,79
779003,17,69
779003,18,43
779003,19,31
779003,20,22
779003,21,19
779003,22,5
779003,23,5
779005,0,18
779005,1,15
779005,2,12
779005,3,20
779005,4,51
779005,5,58
779005,6,125
779005,7,261
779005,8,192
779005,9,270
779005,10,215
779005,11,213
779005,12,227
779005,13,221
779005,14,281
779005,15,353
779005,16,388
779005,17,398
779005,18,277
779005,19,162
779005,20,114
779005,21,66
779005,22,43
779005,23,35
779006,0,11
779006,1,7
779006,2,7
779006,3,11
779006,4,35
779006,5,50
779006,6,122
779006,7,139
779006,8,115
779006,9,70
779006,10,69
779006,11,77
779006,12,86
779006,13,107
779006,14,140
779006,15,182
779006,16,188
779006,17,179
779006,18,140
779006,19,111
779006,20,66
779006,21,67
779006,22,30
779006,23,14
779007,0,2
779007,1,1
779007,2,2
779007,3,3
779007,4,4
779007,5,5
779007,6,10
779007,7,8
779007,8,19
779007,9,18
779007,10,12
779007,11,25
779007,12,21
779007,13,23
779007,14,14
779007,15,32
779007,16,24
779007,17,29
779007,18,16
779007,19,14
779007,20,15
779007,21,4
779007,22,0
779007,23,2
779008,0,5
779008,1,2
779008,2,4
779008,3,4
779008,4,6
779008,5,9
779008,6,16
779008,7,38
779008,8,41
779008,9,35
779008,10,34
779008,11,43
779008,12,55
779008,13,52
779008,14,56
779008,15,67
779008,16,68
779008,17,44
779008,18,42
779008,19,31
779008,20,39
779008,21,20
779008,22,13
779008,23,13
779009,0,5
779009,1,5
779009,2,5
779009,3,3
779009,4,12
779009,5,22
779009,6,28
779009,7,49
779009,8,36
779009,9,35
779009,10,29
779009,11,27
779009,12,33
779009,13,48
779009,14,51
779009,15,55
779009,16,65
779009,17,46
779009,18,60
779009,19,26
779009,20,28
779009,21,23
779009,22,5
779009,23,11
779010,0,13
779010,1,4
779010,2,8
779010,3,5
779010,4,9
779010,5,24
779010,6,46
779010,7,56
779010,8,69
779010,9,74
779010,10,65
779010,11,83
779010,12,88
779010,13,76
779010,14,100
779010,15,106
779010,16,102
779010,17,117
779010,18,106
779010,19,92
779010,20,93
779010,21,42
779010,22,25
779010,23,22
779011,0,55
779011,1,44
779011,2,32
779011,3,50
779011,4,128
779011,5,339
779011,6,661
779011,7,1038
779011,8,731
779011,9,605
779011,10,564
779011,11,587
779011,12,623
779011,13,728
779011,14,861
779011,15,1019
779011,16,1182
779011,17,1297
779011,18,893
779011,19,535
779011,20,415
779011,21,298
779011,22,183
779011,23,126
779012,0,93
779012,1,50
779012,2,73
779012,3,136
779012,4,326
779012,5,534
779012,6,743
779012,7,711
779012,8,599
779012,9,532
779012,10,465
779012,11,505
779012,12,618
779012,13,693
779012,14,771
779012,15,908
779012,16,1018
779012,17,987
779012,18,867
779012,19,604
779012,20,451
779012,21,334
779012,22,209
779012,23,165
779013,0,40
779013,1,21
779013,2,29
779013,3,44
779013,4,94
779013,5,127
779013,6,197
779013,7,306
779013,8,339
779013,9,184
779013,10,218
779013,11,229
779013,12,250
779013,13,254
779013,14,331
779013,15,385
779013,16,457
779013,17,377
779013,18,259
779013,19,213
779013,20,180
779013,21,107
779013,22,85
779013,23,51
779014,0,176
779014,1,123
779014,2,149
779014,3,274
779014,4,604
779014,5,1062
779014,6,1142
779014,7,1046
779014,8,1018
779014,9,937
779014,10,863
779014,11,1003
779014,12,1133
779014,13,1086
779014,14,1136
779014,15,1335
779014,16,1436
779014,17,1536
779014,18,1265
779014,19,1041
779014,20,814
779014,21,593
779014,22,482
779014,23,296
779015,0,3
779015,1,1
779015,2,0
779015,3,3
779015,4,27
779015,5,167
779015,6,188
779015,7,115
779015,8,135
779015,9,192
779015,10,171
779015,11,141
779015,12,145
779015,13,141
779015,14,186
779015,15,197
779015,16,74
779015,17,44
779015,18,38
779015,19,24
779015,20,9
779015,21,10
779015,22,8
779015,23,1
779016,0,30
779016,1,16
779016,2,15
779016,3,27
779016,4,38
779016,5,99
779016,6,332
779016,7,583
779016,8,401
779016,9,342
779016,10,321
779016,11,297
779016,12,417
779016,13,429
779016,14,508
779016,15,737
779016,16,885
779016,17,898
779016,18,508
779016,19,304
779016,20,254
779016,21,152
779016,22,84
779016,23,41
779017,0,195
779017,1,138
779017,2,157
779017,3,305
779017,4,648
779017,5,1084
779017,6,1265
779017,7,1319
779017,8,1123
779017,9,1090
779017,10,1107
779017,11,1237
779017,12,1304
779017,13,1233
779017,14,1438
779017,15,1587
779017,16,1689
779017,17,1727
779017,18,1371
779017,19,1060
779017,20,928
779017,21,586
779017,22,478
779017,23,381
779018,0,75
779018,1,45
779018,2,49
779018,3,74
779018,4,141
779018,5,279
779018,6,576
779018,7,714
779018,8,575
779018,9,543
779018,10,564
779018,11,641
779018,12,714
779018,13,711
779018,14,802
779018,15,813
779018,16,843
779018,17,915
779018,18,713
779018,19,505
779018,20,443
779018,21,351
779018,22,208
779018,23,122
779019,0,12
779019,1,8
779019,2,17
779019,3,22
779019,4,13
779019,5,88
779019,6,75
779019,7,81
779019,8,64
779019,9,74
779019,10,53
779019,11,66
779019,12,73
779019,13,81
779019,14,103
779019,15,73
779019,16,74
779019,17,40
779019,18,35
779019,19,26
779019,20,22
779019,21,26
779019,22,33
779019,23,7
779020,0,169
779020,1,117
779020,2,133
779020,3,242
779020,4,689
779020,5,1060
779020,6,1472
779020,7,1452
779020,8,1222
779020,9,996
779020,10,925
779020,11,968
779020,12,1129
779020,13,1317
779020,14,1395
779020,15,1616
779020,16,1828
779020,17,1768
779020,18,1428
779020,19,950
779020,20,733
779020,21,528
779020,22,342
779020,23,316
779022,0,0
779022,1,1
779022,2,1
779022,3,1
779022,4,2
779022,5,10
779022,6,14
779022,7,21
779022,8,59
779022,9,48
779022,10,184
779022,11,77
779022,12,41
779022,13,55
779022,14,66
779022,15,170
779022,16,109
779022,17,121
779022,18,62
779022,19,44
779022,20,41
779022,21,10
779022,22,3
779022,23,3
779023,0,11
779023,1,11
779023,2,9
779023,3,12
779023,4,20
779023,5,56
779023,6,131
779023,7,241
779023,8,169
779023,9,129
779023,10,140
779023,11,151
779023,12,175
779023,13,180
779023,14,186
779023,15,257
779023,16,291
779023,17,329
779023,18,187
779023,19,103
779023,20,86
779023,21,60
779023,22,38
779023,23,19
779024,0,84
779024,1,70
779024,2,48
779024,3,69
779024,4,175
779024,5,333
779024,6,608
779024,7,816
779024,8,743
779024,9,686
779024,10,780
779024,11,858
779024,12,871
779024,13,905
779024,14,989
779024,15,1092
779024,16,1186
779024,17,1205
779024,18,1056
779024,19,791
779024,20,635
779024,21,484
779024,22,288
779024,23,167
779025,0,13
779025,1,8
779025,2,6
779025,3,3
779025,4,14
779025,5,21
779025,6,47
779025,7,87
779025,8,73
779025,9,67
779025,10,51
779025,11,62
779025,12,93
779025,13,90
779025,14,87
779025,15,100
779025,16,121
779025,17,125
779025,18,84
779025,19,58
779025,20,55
779025,21,33
779025,22,17
779025,23,12
779026,0,14
779026,1,3
779026,2,8
779026,3,10
779026,4,33
779026,5,58
779026,6,106
779026,7,129
779026,8,97
779026,9,93
779026,10,90
779026,11,92
779026,12,91
779026,13,93
779026,14,128
779026,15,151
779026,16,194
779026,17,167
779026,18,127
779026,19,84
779026,20,73
779026,21,44
779026,22,33
779026,23,20
779027,0,8
779027,1,8
779027,2,5
779027,3,11
779027,4,32
779027,5,52
779027,6,78
779027,7,73
779027,8,72
779027,9,61
779027,10,68
779027,11,69
779027,12,91
779027,13,65
779027,14,81
779027,15,114
779027,16,138
779027,17,118
779027,18,88
779027,19,65
779027,20,58
779027,21,47
779027,22,16
779027,23,15
779028,0,10
779028,1,7
779028,2,5
779028,3,8
779028,4,24
779028,5,43
779028,6,65
779028,7,123
779028,8,198
779028,9,132
779028,10,105
779028,11,144
779028,12,124
779028,13,145
779028,14,148
779028,15,221
779028,16,178
779028,17,111
779028,18,113
779028,19,87
779028,20,68
779028,21,42
779028,22,16
779028,23,14
779029,0,11
779029,1,6
779029,2,7
779029,3,10
779029,4,26
779029,5,38
779029,6,83
779029,7,84
779029,8,74
779029,9,77
779029,10,63
779029,11,49
779029,12,70
779029,13,72
779029,14,63
779029,15,119
779029,16,151
779029,17,148
779029,18,108
779029,19,85
779029,20,54
779029,21,58
779029,22,35
779029,23,27
779030,0,34
779030,1,28
779030,2,18
779030,3,31
779030,4,81
779030,5,164
779030,6,429
779030,7,633
779030,8,563
779030,9,519
779030,10,441
779030,11,468
779030,12,516
779030,13,536
779030,14,654
779030,15,889
779030,16,1014
779030,17,1019
779030,18,778
779030,19,512
779030,20,433
779030,21,310
779030,22,176
779030,23,72
779031,0,71
779031,1,80
779031,2,81
779031,3,108
779031,4,296
779031,5,512
779031,6,572
779031,7,615
779031,8,527
779031,9,465
779031,10,415
779031,11,438
779031,12,460
779031,13,483
779031,14,603
779031,15,652
779031,16,611
779031,17,622
779031,18,471
779031,19,345
779031,20,254
779031,21,193
779031,22,180
779031,23,139
779032,0,31
779032,1,32
779032,2,31
779032,3,32
779032,4,78
779032,5,183
779032,6,447
779032,7,686
779032,8,544
779032,9,471
779032,10,443
779032,11,464
779032,12,492
779032,13,441
779032,14,523
779032,15,734
779032,16,725
779032,17,757
779032,18,453
779032,19,271
779032,20,231
779032,21,159
779032,22,100
779032,23,48
779033,0,13
779033,1,9
779033,2,6
779033,3,7
779033,4,22
779033,5,37
779033,6,67
779033,7,95
779033,8,107
779033,9,87
779033,10,67
779033,11,87
779033,12,84
779033,13,100
779033,14,113
779033,15,154
779033,16,189
779033,17,189
779033,18,132
779033,19,132
779033,20,82
779033,21,97
779033,22,43
779033,23,23
779034,0,31
779034,1,11
779034,2,15
779034,3,36
779034,4,66
779034,5,98
779034,6,193
779034,7,219
779034,8,264
779034,9,256
779034,10,201
779034,11,198
779034,12,222
779034,13,220
779034,14,262
779034,15,368
779034,16,327
779034,17,323
779034,18,237
779034,19,181
779034,20,140
779034,21,93
779034,22,48
779034,23,35
779035,0,89
779035,1,46
779035,2,49
779035,3,83
779035,4,194
779035,5,427
779035,6,853
779035,7,1035
779035,8,937
779035,9,983
779035,10,1072
779035,11,1185
779035,12,1242
779035,13,1293
779035,14,1321
779035,15,1529
779035,16,1623
779035,17,1575
779035,18,1396
779035,19,958
779035,20,725
779035,21,505
779035,22,254
779035,23,165
779036,0,146
779036,1,100
779036,2,121
779036,3,192
779036,4,406
779036,5,869
779036,6,1407
779036,7,1323
779036,8,1331
779036,9,1299
779036,10,1286
779036,11,1391
779036,12,1374
779036,13,1446
779036,14,1498
779036,15,1397
779036,16,1360
779036,17,1302
779036,18,1190
779036,19,942
779036,20,758
779036,21,573
779036,22,390
779036,23,236
779037,0,21
779037,1,13
779037,2,12
779037,3,21
779037,4,55
779037,5,128
779037,6,363
779037,7,415
779037,8,312
779037,9,342
779037,10,326
779037,11,341
779037,12,359
779037,13,340
779037,14,419
779037,15,464
779037,16,639
779037,17,617
779037,18,449
779037,19,266
779037,20,235
779037,21,156
779037,22,81
779037,23,45
779039,0,147
779039,1,133
779039,2,111
779039,3,182
779039,4,363
779039,5,709
779039,6,1000
779039,7,1194
779039,8,1074
779039,9,1054
779039,10,980
779039,11,1103
779039,12,1150
779039,13,1197
779039,14,1212
779039,15,1190
779039,16,1259
779039,17,1159
779039,18,1035
779039,19,722
779039,20,549
779039,21,402
779039,22,310
779039,23,229
779040,0,104
779040,1,92
779040,2,86
779040,3,147
779040,4,379
779040,5,676
779040,6,954
779040,7,1059
779040,8,1111
779040,9,867
779040,10,847
779040,11,935
779040,12,915
779040,13,1000
779040,14,1073
779040,15,1130
779040,16,1129
779040,17,1040
779040,18,953
779040,19,731
779040,20,535
779040,21,400
779040,22,286
779040,23,198
779041,0,7
779041,1,9
779041,2,4
779041,3,8
779041,4,16
779041,5,27
779041,6,51
779041,7,66
779041,8,63
779041,9,50
779041,10,58
779041,11,59
779041,12,77
779041,13,89
779041,14,79
779041,15,87
779041,16,105
779041,17,127
779041,18,102
779041,19,76
779041,20,66
779041,21,32
779041,22,38
779041,23,28
779042,0,6
779042,1,5
779042,2,7
779042,3,5
779042,4,22
779042,5,39
779042,6,36
779042,7,61
779042,8,63
779042,9,82
779042,10,70
779042,11,90
779042,12,94
779042,13,69
779042,14,100
779042,15,86
779042,16,88
779042,17,93
779042,18,82
779042,19,53
779042,20,61
779042,21,36
779042,22,17
779042,23,11
779044,0,109
779044,1,103
779044,2,92
779044,3,159
779044,4,387
779044,5,707
779044,6,978
779044,7,1058
779044,8,1141
779044,9,879
779044,10,816
779044,11,948
779044,12,890
779044,13,990
779044,14,1066
779044,15,1112
779044,16,1077
779044,17,942
779044,18,894
779044,19,671
779044,20,473
779044,21,372
779044,22,286
779044,23,204
779045,0,19
779045,1,7
779045,2,8
779045,3,10
779045,4,36
779045,5,59
779045,6,126
779045,7,176
779045,8,156
779045,9,144
779045,10,134
779045,11,155
779045,12,151
779045,13,161
779045,14,146
779045,15,212
779045,16,261
779045,17,271
779045,18,209
779045,19,127
779045,20,111
779045,21,84
779045,22,39
779045,23,22
779046,0,122
779046,1,108
779046,2,115
779046,3,141
779046,4,383
779046,5,615
779046,6,818
779046,7,808
779046,8,680
779046,9,605
779046,10,601
779046,11,640
779046,12,657
779046,13,654
779046,14,748
779046,15,835
779046,16,970
779046,17,988
779046,18,854
779046,19,625
779046,20,503
779046,21,431
779046,22,274
779046,23,186
779047,0,32
779047,1,21
779047,2,13
779047,3,37
779047,4,107
779047,5,277
779047,6,528
779047,7,860
779047,8,613
779047,9,558
779047,10,554
779047,11,558
779047,12,477
779047,13,547
779047,14,690
779047,15,818
779047,16,991
779047,17,1001
779047,18,714
779047,19,364
779047,20,337
779047,21,205
779047,22,114
779047,23,62
779048,0,8
779048,1,5
779048,2,6
779048,3,11
779048,4,16
779048,5,17
779048,6,26
779048,7,34
779048,8,20
779048,9,30
779048,10,29
779048,11,40
779048,12,23
779048,13,35
779048,14,33
779048,15,42
779048,16,37
779048,17,46
779048,18,31
779048,19,22
779048,20,22
779048,21,20
779048,22,14
779048,23,9
779052,0,9
779052,1,0
779052,2,5
779052,3,1
779052,4,25
779052,5,33
779052,6,54
779052,7,80
779052,8,87
779052,9,89
779052,10,78
779052,11,83
779052,12,77
779052,13,62
779052,14,91
779052,15,89
779052,16,117
779052,17,116
779052,18,79
779052,19,69
779052,20,48
779052,21,38
779052,22,17
779052,23,10
779054,0,2
779054,1,2
779054,2,0
779054,3,1
779054,4,2
779054,5,6
779054,6,10
779054,7,15
779054,8,15
779054,9,20
779054,10,16
779054,11,22
779054,12,18
779054,13,15
779054,14,31
779054,15,15
779054,16,30
779054,17,23
779054,18,27
779054,19,18
779054,20,11
779054,21,10
779054,22,8
779054,23,0
779055,0,5
779055,1,3
779055,2,3
779055,3,5
779055,4,12
779055,5,22
779055,6,28
779055,7,55
779055,8,48
779055,9,69
779055,10,68
779055,11,81
779055,12,81
779055,13,57
779055,14,76
779055,15,81
779055,16,69
779055,17,80
779055,18,67
779055,19,38
779055,20,57
779055,21,28
779055,22,12
779055,23,10
779056,0,14
779056,1,9
779056,2,7
779056,3,24
779056,4,53
779056,5,104
779056,6,128
779056,7,138
779056,8,137
779056,9,96
779056,10,92
779056,11,90
779056,12,105
779056,13,100
779056,14,144
779056,15,159
779056,16,213
779056,17,177
779056,18,137
779056,19,106
779056,20,84
779056,21,62
779056,22,44
779056,23,37
779057,0,43
779057,1,21
779057,2,21
779057,3,42
779057,4,110
779057,5,209
779057,6,313
779057,7,445
779057,8,446
779057,9,421
779057,10,473
779057,11,429
779057,12,412
779057,13,453
779057,14,507
779057,15,509
779057,16,579
779057,17,507
779057,18,452
779057,19,364
779057,20,278
779057,21,170
779057,22,99
779057,23,55
779058,0,11
779058,1,8
779058,2,3
779058,3,5
779058,4,10
779058,5,26
779058,6,67
779058,7,91
779058,8,90
779058,9,73
779058,10,56
779058,11,79
779058,12,67
779058,13,66
779058,14,99
779058,15,120
779058,16,142
779058,17,155
779058,18,119
779058,19,108
779058,20,61
779058,21,68
779058,22,41
779058,23,17
779062,0,11
779062,1,10
779062,2,5
779062,3,11
779062,4,32
779062,5,73
779062,6,93
779062,7,104
779062,8,110
779062,9,136
779062,10,126
779062,11,110
779062,12,123
779062,13,131
779062,14,166
779062,15,184
779062,16,225
779062,17,193
779062,18,154
779062,19,112
779062,20,91
779062,21,68
779062,22,53
779062,23,30
779064,0,10
779064,1,11
779064,2,1
779064,3,7
779064,4,29
779064,5,61
779064,6,77
779064,7,115
779064,8,127
779064,9,139
779064,10,117
779064,11,118
779064,12,135
779064,13,138
779064,14,158
779064,15,189
779064,16,193
779064,17,152
779064,18,137
779064,19,95
779064,20,58
779064,21,61
779064,22,28
779064,23,16
779065,0,1
779065,1,4
779065,2,3
779065,3,6
779065,4,17
779065,5,17
779065,6,37
779065,7,56
779065,8,65
779065,9,75
779065,10,76
779065,11,82
779065,12,84
779065,13,75
779065,14,76
779065,15,93
779065,16,94
779065,17,84
779065,18,54
779065,19,55
779065,20,36
779065,21,42
779065,22,17
779065,23,11
779066,0,5
779066,1,2
779066,2,1
779066,3,3
779066,4,7
779066,5,19
779066,6,26
779066,7,49
779066,8,40
779066,9,74
779066,10,62
779066,11,42
779066,12,57
779066,13,44
779066,14,57
779066,15,75
779066,16,51
779066,17,42
779066,18,34
779066,19,30
779066,20,18
779066,21,14
779066,22,4
779066,23,4
779067,0,8
779067,1,3
779067,2,3
779067,3,5
779067,4,11
779067,5,30
779067,6,45
779067,7,63
779067,8,61
779067,9,96
779067,10,98
779067,11,63
779067,12,86
779067,13,66
779067,14,73
779067,15,109
779067,16,80
779067,17,69
779067,18,63
779067,19,42
779067,20,25
779067,21,20
779067,22,13
779067,23,7
779068,0,2
779068,1,1
779068,2,0
779068,3,1
779068,4,5
779068,5,4
779068,6,8
779068,7,10
779068,8,13
779068,9,25
779068,10,24
779068,11,16
779068,12,21
779068,13,19
779068,14,15
779068,15,26
779068,16,18
779068,17,19
779068,18,12
779068,19,6
779068,20,6
779068,21,5
779068,22,5
779068,23,1
779069,0,4
779069,1,2
779069,2,1
779069,3,4
779069,4,9
779069,5,14
779069,6,47
779069,7,80
779069,8,125
779069,9,108
779069,10,104
779069,11,110
779069,12,103
779069,13,92
779069,14,119
779069,15,151
779069,16,138
779069,17,101
779069,18,67
779069,19,72
779069,20,43
779069,21,23
779069,22,11
779069,23,9
779070,0,4
779070,1,1
779070,2,3
779070,3,3
779070,4,8
779070,5,19
779070,6,56
779070,7,45
779070,8,48
779070,9,32
779070,10,30
779070,11,38
779070,12,37
779070,13,42
779070,14,57
779070,15,86
779070,16,101
779070,17,103
779070,18,59
779070,19,29
779070,20,25
779070,21,25
779070,22,10
779070,23,5
779071,0,14
779071,1,8
779071,2,7
779071,3,21
779071,4,71
779071,5,95
779071,6,136
779071,7,190
779071,8,153
779071,9,180
779071,10,165
779071,11,161
779071,12,145
779071,13,172
779071,14,200
779071,15,227
779071,16,244
779071,17,257
779071,18,223
779071,19,142
779071,20,108
779071,21,67
779071,22,27
779071,23,23
779072,0,16
779072,1,14
779072,2,2
779072,3,8
779072,4,39
779072,5,83
779072,6,114
779072,7,178
779072,8,224
779072,9,199
779072,10,168
779072,11,160
779072,12,200
779072,13,188
779072,14,229
779072,15,296
779072,16,290
779072,17,234
779072,18,207
779072,19,117
779072,20,72
779072,21,63
779072,22,36
779072,23,28
779074,0,11
779074,1,4
779074,2,5
779074,3,8
779074,4,38
779074,5,75
779074,6,138
779074,7,162
779074,8,138
779074,9,100
779074,10,96
779074,11,121
779074,12,156
779074,13,114
779074,14,129
779074,15,157
779074,16,186
779074,17,223
779074,18,154
779074,19,100
779074,20,85
779074,21,43
779074,22,15
779074,23,18
779075,0,97
779075,1,45
779075,2,85
779075,3,120
779075,4,288
779075,5,539
779075,6,707
779075,7,630
779075,8,506
779075,9,469
779075,10,513
779075,11,540
779075,12,590
779075,13,569
779075,14,697
779075,15,797
779075,16,963
779075,17,922
779075,18,762
779075,19,507
779075,20,412
779075,21,323
779075,22,219
779075,23,140
779076,0,35
779076,1,26
779076,2,35
779076,3,42
779076,4,128
779076,5,336
779076,6,618
779076,7,744
779076,8,651
779076,9,514
779076,10,426
779076,11,493
779076,12,529
779076,13,571
779076,14,775
779076,15,902
779076,16,946
779076,17,923
779076,18,746
779076,19,458
779076,20,400
779076,21,198
779076,22,136
779076,23,78
779077,0,9
779077,1,8
779077,2,5
779077,3,10
779077,4,30
779077,5,70
779077,6,186
779077,7,198
779077,8,199
779077,9,177
779077,10,122
779077,11,115
779077,12,147
779077,13,160
779077,14,185
779077,15,265
779077,16,231
779077,17,207
779077,18,170
779077,19,143
779077,20,121
779077,21,68
779077,22,38
779077,23,28
779078,0,54
779078,1,43
779078,2,42
779078,3,67
779078,4,151
779078,5,282
779078,6,227
779078,7,230
779078,8,229
779078,9,281
779078,10,306
779078,11,280
779078,12,318
779078,13,359
779078,14,363
779078,15,335
779078,16,349
779078,17,366
779078,18,336
779078,19,248
779078,20,193
779078,21,153
779078,22,115
779078,23,67
779080,0,5
779080,1,2
779080,2,1
779080,3,4
779080,4,6
779080,5,15
779080,6,20
779080,7,34
779080,8,41
779080,9,47
779080,10,47
779080,11,61
779080,12,54
779080,13,56
779080,14,58
779080,15,67
779080,16,70
779080,17,48
779080,18,41
779080,19,37
779080,20,33
779080,21,16
779080,22,8
779080,23,4
779081,0,19
779081,1,10
779081,2,22
779081,3,29
779081,4,78
779081,5,123
779081,6,171
779081,7,180
779081,8,173
779081,9,112
779081,10,124
779081,11,106
779081,12,152
779081,13,141
779081,14,189
779081,15,205
779081,16,201
779081,17,261
779081,18,196
779081,19,148
779081,20,124
779081,21,90
779081,22,57
779081,23,32
779082,0,22
779082,1,18
779082,2,20
779082,3,46
779082,4,107
779082,5,184
779082,6,242
779082,7,302
779082,8,219
779082,9,195
779082,10,206
779082,11,209
779082,12,223
779082,13,239
779082,14,283
779082,15,327
779082,16,389
779082,17,350
779082,18,326
779082,19,255
779082,20,180
779082,21,110
779082,22,82
779082,23,54
779083,0,20
779083,1,15
779083,2,10
779083,3,17
779083,4,42
779083,5,164
779083,6,300
779083,7,372
779083,8,289
779083,9,204
779083,10,156
779083,11,204
779083,12,228
779083,13,237
779083,14,440
779083,15,686
779083,16,896
779083,17,762
779083,18,442
779083,19,182
779083,20,117
779083,21,98
779083,22,53
779083,23,27
779084,0,20
779084,1,13
779084,2,6
779084,3,11
779084,4,33
779084,5,49
779084,6,107
779084,7,121
779084,8,146
779084,9,124
779084,10,124
779084,11,99
779084,12,140
779084,13,129
779084,14,172
779084,15,216
779084,16,206
779084,17,196
779084,18,157
779084,19,132
779084,20,96
779084,21,70
779084,22,43
779084,23,18
779085,0,5
779085,1,9
779085,2,6
779085,3,11
779085,4,29
779085,5,59
779085,6,97
779085,7,108
779085,8,96
779085,9,109
779085,10,67
779085,11,88
779085,12,85
779085,13,82
779085,14,126
779085,15,175
779085,16,160
779085,17,160
779085,18,119
779085,19,85
779085,20,76
779085,21,36
779085,22,22
779085,23,14
779086,0,7
779086,1,6
779086,2,5
779086,3,4
779086,4,21
779086,5,30
779086,6,53
779086,7,59
779086,8,57
779086,9,60
779086,10,58
779086,11,46
779086,12,46
779086,13,61
779086,14,64
779086,15,83
779086,16,104
779086,17,88
779086,18,70
779086,19,74
779086,20,49
779086,21,39
779086,22,27
779086,23,14
779087,0,8
779087,1,4
779087,2,3
779087,3,7
779087,4,17
779087,5,30
779087,6,86
779087,7,118
779087,8,95
779087,9,87
779087,10,61
779087,11,62
779087,12,90
779087,13,80
779087,14,103
779087,15,131
779087,16,170
779087,17,189
779087,18,117
779087,19,81
779087,20,57
779087,21,35
779087,22,24
779087,23,12
779088,0,6
779088,1,2
779088,2,4
779088,3,6
779088,4,18
779088,5,31
779088,6,45
779088,7,35
779088,8,38
779088,9,34
779088,10,37
779088,11,37
779088,12,45
779088,13,46
779088,14,48
779088,15,43
779088,16,68
779088,17,65
779088,18,44
779088,19,36
779088,20,33
779088,21,24
779088,22,8
779088,23,6
779089,0,13
779089,1,14
779089,2,19
779089,3,41
779089,4,77
779089,5,153
779089,6,265
779089,7,279
779089,8,316
779089,9,254
779089,10,271
779089,11,255
779089,12,310
779089,13,251
779089,14,400
779089,15,379
779089,16,408
779089,17,402
779089,18,338
779089,19,237
779089,20,211
779089,21,138
779089,22,77
779089,23,38
779090,0,33
779090,1,20
779090,2,26
779090,3,49
779090,4,118
779090,5,204
779090,6,368
779090,7,399
779090,8,446
779090,9,370
779090,10,372
779090,11,362
779090,12,440
779090,13,353
779090,14,530
779090,15,549
779090,16,576
779090,17,560
779090,18,450
779090,19,350
779090,20,277
779090,21,174
779090,22,110
779090,23,56
779091,0,67
779091,1,67
779091,2,70
779091,3,120
779091,4,244
779091,5,453
779091,6,393
779091,7,406
779091,8,434
779091,9,480
779091,10,429
779091,11,456
779091,12,478
779091,13,537
779091,14,584
779091,15,661
779091,16,692
779091,17,719
779091,18,600
779091,19,499
779091,20,345
779091,21,263
779091,22,174
779091,23,136
779093,0,48
779093,1,43
779093,2,35
779093,3,67
779093,4,158
779093,5,331
779093,6,510
779093,7,542
779093,8,545
779093,9,512
779093,10,585
779093,11,610
779093,12,653
779093,13,662
779093,14,739
779093,15,828
779093,16,942
779093,17,952
779093,18,788
779093,19,609
779093,20,470
779093,21,336
779093,22,157
779093,23,101
779095,0,1
779095,1,0
779095,2,1
779095,3,1
779095,4,5
779095,5,7
779095,6,13
779095,7,54
779095,8,35
779095,9,29
779095,10,25
779095,11,16
779095,12,25
779095,13,39
779095,14,40
779095,15,38
779095,16,41
779095,17,32
779095,18,34
779095,19,23
779095,20,14
779095,21,19
779095,22,5
779095,23,0
779096,0,29
779096,1,20
779096,2,9
779096,3,24
779096,4,65
779096,5,168
779096,6,340
779096,7,571
779096,8,641
779096,9,355
779096,10,287
779096,11,325
779096,12,309
779096,13,321
779096,14,426
779096,15,504
779096,16,514
779096,17,563
779096,18,378
779096,19,249
779096,20,248
779096,21,122
779096,22,63
779096,23,40
779098,0,9
779098,1,5
779098,2,2
779098,3,7
779098,4,18
779098,5,44
779098,6,95
779098,7,106
779098,8,111
779098,9,51
779098,10,62
779098,11,83
779098,12,90
779098,13,87
779098,14,124
779098,15,130
779098,16,133
779098,17,173
779098,18,133
779098,19,102
779098,20,64
779098,21,47
779098,22,25
779098,23,12
779099,0,66
779099,1,40
779099,2,35
779099,3,51
779099,4,105
779099,5,292
779099,6,710
779099,7,981
779099,8,903
779099,9,764
779099,10,946
779099,11,1039
779099,12,1194
779099,13,1113
779099,14,1117
779099,15,1353
779099,16,1515
779099,17,1541
779099,18,1127
779099,19,717
779099,20,554
779099,21,330
779099,22,154
779099,23,85
779100,0,32
779100,1,23
779100,2,23
779100,3,26
779100,4,78
779100,5,146
779100,6,439
779100,7,621
779100,8,562
779100,9,485
779100,10,446
779100,11,469
779100,12,516
779100,13,546
779100,14,631
779100,15,885
779100,16,969
779100,17,1001
779100,18,750
779100,19,495
779100,20,423
779100,21,307
779100,22,159
779100,23,68
779102,0,23
779102,1,17
779102,2,10
779102,3,16
779102,4,41
779102,5,78
779102,6,118
779102,7,224
779102,8,183
779102,9,173
779102,10,123
779102,11,148
779102,12,176
779102,13,157
779102,14,200
779102,15,220
779102,16,259
779102,17,295
779102,18,264
779102,19,207
779102,20,155
779102,21,138
779102,22,81
779102,23,43
779103,0,79
779103,1,53
779103,2,39
779103,3,61
779103,4,172
779103,5,375
779103,6,711
779103,7,997
779103,8,886
779103,9,778
779103,10,782
779103,11,821
779103,12,855
779103,13,922
779103,14,1029
779103,15,1166
779103,16,1261
779103,17,1306
779103,18,1091
779103,19,764
779103,20,518
779103,21,389
779103,22,228
779103,23,150
779104,0,4
779104,1,0
779104,2,1
779104,3,4
779104,4,5
779104,5,10
779104,6,13
779104,7,24
779104,8,26
779104,9,24
779104,10,28
779104,11,32
779104,12,23
779104,13,29
779104,14,28
779104,15,34
779104,16,38
779104,17,30
779104,18,30
779104,19,23
779104,20,23
779104,21,12
779104,22,7
779104,23,2
779105,0,2
779105,1,1
779105,2,0
779105,3,0
779105,4,2
779105,5,8
779105,6,4
779105,7,12
779105,8,9
779105,9,18
779105,10,18
779105,11,22
779105,12,15
779105,13,12
779105,14,28
779105,15,16
779105,16,29
779105,17,13
779105,18,10
779105,19,8
779105,20,10
779105,21,8
779105,22,2
779105,23,2
779106,0,17
779106,1,14
779106,2,7
779106,3,17
779106,4,32
779106,5,50
779106,6,82
779106,7,60
779106,8,76
779106,9,67
779106,10,58
779106,11,77
779106,12,97
779106,13,80
779106,14,85
779106,15,111
779106,16,105
779106,17,130
779106,18,120
779106,19,82
779106,20,92
779106,21,63
779106,22,35
779106,23,23
779107,0,2
779107,1,0
779107,2,0
779107,3,3
779107,4,4
779107,5,7
779107,6,12
779107,7,19
779107,8,17
779107,9,23
779107,10,20
779107,11,26
779107,12,18
779107,13,25
779107,14,19
779107,15,24
779107,16,40
779107,17,25
779107,18,25
779107,19,16
779107,20,21
779107,21,8
779107,22,4
779107,23,1
779108,0,25
779108,1,14
779108,2,15
779108,3,29
779108,4,74
779108,5,199
779108,6,438
779108,7,537
779108,8,397
779108,9,337
779108,10,311
779108,11,322
779108,12,410
779108,13,388
779108,14,471
779108,15,604
779108,16,698
779108,17,710
779108,18,526
779108,19,282
779108,20,214
779108,21,157
779108,22,56
779108,23,51
779109,0,95
779109,1,59
779109,2,44
779109,3,65
779109,4,188
779109,5,412
779109,6,822
779109,7,1151
779109,8,960
779109,9,809
779109,10,864
779109,11,981
779109,12,1004
779109,13,1072
779109,14,1224
779109,15,1350
779109,16,1615
779109,17,1548
779109,18,1215
779109,19,887
779109,20,665
779109,21,494
779109,22,253
779109,23,164
779110,0,25
779110,1,23
779110,2,14
779110,3,33
779110,4,90
779110,5,206
779110,6,459
779110,7,591
779110,8,443
779110,9,358
779110,10,330
779110,11,325
779110,12,414
779110,13,380
779110,14,494
779110,15,648
779110,16,740
779110,17,759
779110,18,595
779110,19,356
779110,20,251
779110,21,161
779110,22,85
779110,23,57
779111,0,41
779111,1,19
779111,2,25
779111,3,44
779111,4,147
779111,5,297
779111,6,579
779111,7,740
779111,8,570
779111,9,451
779111,10,404
779111,11,416
779111,12,505
779111,13,466
779111,14,634
779111,15,817
779111,16,909
779111,17,966
779111,18,773
779111,19,463
779111,20,324
779111,21,211
779111,22,126
779111,23,67
779112,0,37
779112,1,16
779112,2,27
779112,3,27
779112,4,90
779112,5,176
779112,6,397
779112,7,703
779112,8,625
779112,9,522
779112,10,557
779112,11,625
779112,12,679
779112,13,665
779112,14,631
779112,15,774
779112,16,890
779112,17,899
779112,18,660
779112,19,429
779112,20,363
779112,21,221
779112,22,118
779112,23,65
779113,0,55
779113,1,29
779113,2,44
779113,3,65
779113,4,155
779113,5,321
779113,6,579
779113,7,581
779113,8,458
779113,9,378
779113,10,331
779113,11,397
779113,12,442
779113,13,479
779113,14,555
779113,15,749
779113,16,838
779113,17,812
779113,18,599
779113,19,377
779113,20,288
779113,21,199
779113,22,144
779113,23,95
779114,0,16
779114,1,13
779114,2,5
779114,3,10
779114,4,29
779114,5,115
779114,6,220
779114,7,290
779114,8,199
779114,9,152
779114,10,120
779114,11,161
779114,12,177
779114,13,178
779114,14,303
779114,15,459
779114,16,608
779114,17,579
779114,18,358
779114,19,145
779114,20,97
779114,21,86
779114,22,47
779114,23,20
779115,0,35
779115,1,14
779115,2,7
779115,3,10
779115,4,35
779115,5,112
779115,6,212
779115,7,328
779115,8,285
779115,9,214
779115,10,160
779115,11,196
779115,12,228
779115,13,225
779115,14,283
779115,15,476
779115,16,635
779115,17,723
779115,18,529
779115,19,277
779115,20,161
779115,21,139
779115,22,84
779115,23,48
779116,0,40
779116,1,21
779116,2,29
779116,3,45
779116,4,162
779116,5,312
779116,6,589
779116,7,782
779116,8,632
779116,9,455
779116,10,428
779116,11,468
779116,12,518
779116,13,525
779116,14,721
779116,15,900
779116,16,964
779116,17,938
779116,18,751
779116,19,463
779116,20,322
779116,21,219
779116,22,115
779116,23,67
779117,0,29
779117,1,19
779117,2,19
779117,3,31
779117,4,122
779117,5,266
779117,6,466
779117,7,631
779117,8,517
779117,9,399
779117,10,366
779117,11,426
779117,12,445
779117,13,440
779117,14,608
779117,15,783
779117,16,866
779117,17,836
779117,18,662
779117,19,404
779117,20,257
779117,21,176
779117,22,88
779117,23,55
779118,0,39
779118,1,21
779118,2,26
779118,3,23
779118,4,79
779118,5,205
779118,6,390
779118,7,728
779118,8,488
779118,9,317
779118,10,323
779118,11,360
779118,12,331
779118,13,383
779118,14,549
779118,15,616
779118,16,766
779118,17,777
779118,18,516
779118,19,313
779118,20,264
779118,21,154
779118,22,89
779118,23,53
779119,0,57
779119,1,30
779119,2,48
779119,3,63
779119,4,89
779119,5,209
779119,6,345
779119,7,366
779119,8,358
779119,9,295
779119,10,290
779119,11,264
779119,12,267
779119,13,297
779119,14,338
779119,15,396
779119,16,462
779119,17,455
779119,18,301
779119,19,213
779119,20,183
779119,21,125
779119,22,97
779119,23,65
779120,0,11
779120,1,17
779120,2,14
779120,3,27
779120,4,88
779120,5,198
779120,6,381
779120,7,497
779120,8,386
779120,9,308
779120,10,301
779120,11,331
779120,12,373
779120,13,329
779120,14,456
779120,15,630
779120,16,637
779120,17,661
779120,18,487
779120,19,301
779120,20,225
779120,21,145
779120,22,82
779120,23,45
779121,0,3
779121,1,4
779121,2,4
779121,3,4
779121,4,9
779121,5,25
779121,6,43
779121,7,56
779121,8,49
779121,9,56
779121,10,53
779121,11,52
779121,12,56
779121,13,64
779121,14,63
779121,15,83
779121,16,118
779121,17,128
779121,18,91
779121,19,63
779121,20,37
779121,21,36
779121,22,21
779121,23,11
779122,0,27
779122,1,17
779122,2,13
779122,3,22
779122,4,83
779122,5,147
779122,6,419
779122,7,486
779122,8,377
779122,9,321
779122,10,326
779122,11,340
779122,12,362
779122,13,379
779122,14,462
779122,15,543
779122,16,593
779122,17,619
779122,18,527
779122,19,317
779122,20,278
779122,21,144
779122,22,87
779122,23,42
779123,0,28
779123,1,20
779123,2,19
779123,3,30
779123,4,93
779123,5,222
779123,6,307
779123,7,342
779123,8,274
779123,9,238
779123,10,224
779123,11,259
779123,12,279
779123,13,303
779123,14,318
779123,15,449
779123,16,539
779123,17,538
779123,18,385
779123,19,245
779123,20,181
779123,21,125
779123,22,88
779123,23,51
779124,0,16
779124,1,8
779124,2,6
779124,3,7
779124,4,22
779124,5,48
779124,6,122
779124,7,142
779124,8,161
779124,9,130
779124,10,142
779124,11,152
779124,12,153
779124,13,130
779124,14,165
779124,15,185
779124,16,252
779124,17,269
779124,18,239
779124,19,149
779124,20,92
779124,21,72
779124,22,47
779124,23,28
779125,0,32
779125,1,28
779125,2,23
779125,3,43
779125,4,130
779125,5,277
779125,6,547
779125,7,693
779125,8,523
779125,9,437
779125,10,386
779125,11,427
779125,12,475
779125,13,494
779125,14,560
779125,15,824
779125,16,894
779125,17,879
779125,18,583
779125,19,354
779125,20,275
779125,21,188
779125,22,101
779125,23,51
779126,0,3
779126,1,8
779126,2,2
779126,3,10
779126,4,27
779126,5,32
779126,6,94
779126,7,145
779126,8,209
779126,9,173
779126,10,181
779126,11,188
779126,12,191
779126,13,173
779126,14,201
779126,15,239
779126,16,231
779126,17,184
779126,18,117
779126,19,133
779126,20,76
779126,21,59
779126,22,27
779126,23,17
779127,0,21
779127,1,20
779127,2,15
779127,3,31
779127,4,97
779127,5,205
779127,6,279
779127,7,308
779127,8,235
779127,9,191
779127,10,186
779127,11,218
779127,12,220
779127,13,243
779127,14,256
779127,15,386
779127,16,473
779127,17,476
779127,18,308
779127,19,214
779127,20,156
779127,21,104
779127,22,66
779127,23,39
779128,0,37
779128,1,33
779128,2,23
779128,3,57
779128,4,115
779128,5,211
779128,6,351
779128,7,531
779128,8,487
779128,9,438
779128,10,453
779128,11,439
779128,12,460
779128,13,473
779128,14,577
779128,15,727
779128,16,659
779128,17,688
779128,18,517
779128,19,391
779128,20,285
779128,21,212
779128,22,106
779128,23,47
779129,0,39
779129,1,26
779129,2,34
779129,3,48
779129,4,145
779129,5,219
779129,6,339
779129,7,542
779129,8,547
779129,9,587
779129,10,537
779129,11,580
779129,12,534
779129,13,584
779129,14,668
779129,15,724
779129,16,700
779129,17,687
779129,18,526
779129,19,360
779129,20,266
779129,21,168
779129,22,90
779129,23,59
779130,0,1
779130,1,1
779130,2,0
779130,3,3
779130,4,4
779130,5,1
779130,6,12
779130,7,24
779130,8,59
779130,9,62
779130,10,65
779130,11,56
779130,12,91
779130,13,98
779130,14,89
779130,15,79
779130,16,69
779130,17,57
779130,18,48
779130,19,36
779130,20,26
779130,21,12
779130,22,1
779130,23,3
779131,0,0
779131,1,0
779131,2,0
779131,3,1
779131,4,1
779131,5,7
779131,6,9
779131,7,11
779131,8,7
779131,9,8
779131,10,8
779131,11,13
779131,12,10
779131,13,11
779131,14,17
779131,15,14
779131,16,12
779131,17,15
779131,18,15
779131,19,9
779131,20,6
779131,21,2
779131,22,5
779131,23,0
779132,0,22
779132,1,22
779132,2,28
779132,3,28
779132,4,106
779132,5,209
779132,6,368
779132,7,423
779132,8,309
779132,9,285
779132,10,239
779132,11,270
779132,12,311
779132,13,330
779132,14,418
779132,15,505
779132,16,579
779132,17,508
779132,18,412
779132,19,284
779132,20,196
779132,21,122
779132,22,94
779132,23,61
779133,0,33
779133,1,14
779133,2,20
779133,3,29
779133,4,56
779133,5,136
779133,6,287
779133,7,342
779133,8,287
779133,9,200
779133,10,209
779133,11,243
779133,12,277
779133,13,309
779133,14,355
779133,15,515
779133,16,541
779133,17,512
779133,18,407
779133,19,306
779133,20,208
779133,21,134
779133,22,90
779133,23,57
779135,0,9
779135,1,9
779135,2,20
779135,3,53
779135,4,93
779135,5,146
779135,6,132
779135,7,101
779135,8,92
779135,9,105
779135,10,112
779135,11,116
779135,12,163
779135,13,180
779135,14,190
779135,15,165
779135,16,169
779135,17,136
779135,18,104
779135,19,77
779135,20,54
779135,21,33
779135,22,18
779135,23,9
779137,0,4
779137,1,3
779137,2,1
779137,3,0
779137,4,3
779137,5,8
779137,6,28
779137,7,52
779137,8,194
779137,9,210
779137,10,48
779137,11,54
779137,12,55
779137,13,47
779137,14,59
779137,15,204
779137,16,92
779137,17,77
779137,18,55
779137,19,32
779137,20,16
779137,21,22
779137,22,14
779137,23,7
779138,0,8
779138,1,10
779138,2,3
779138,3,12
779138,4,24
779138,5,59
779138,6,134
779138,7,185
779138,8,155
779138,9,120
779138,10,108
779138,11,110
779138,12,118
779138,13,130
779138,14,168
779138,15,205
779138,16,230
779138,17,246
779138,18,197
779138,19,127
779138,20,115
779138,21,84
779138,22,40
779138,23,12
779139,0,81
779139,1,52
779139,2,28
779139,3,55
779139,4,167
779139,5,400
779139,6,821
779139,7,1100
779139,8,919
779139,9,794
779139,10,767
779139,11,864
779139,12,863
779139,13,981
779139,14,1117
779139,15,1286
779139,16,1347
779139,17,1350
779139,18,1175
779139,19,832
779139,20,500
779139,21,429
779139,22,194
779139,23,143
779140,0,12
779140,1,9
779140,2,8
779140,3,14
779140,4,31
779140,5,38
779140,6,84
779140,7,140
779140,8,117
779140,9,93
779140,10,93
779140,11,94
779140,12,124
779140,13,108
779140,14,118
779140,15,125
779140,16,128
779140,17,156
779140,18,121
779140,19,77
779140,20,80
779140,21,42
779140,22,21
779140,23,8
779142,0,1
779142,1,0
779142,2,0
779142,3,2
779142,4,8
779142,5,20
779142,6,21
779142,7,40
779142,8,24
779142,9,12
779142,10,29
779142,11,17
779142,12,25
779142,13,23
779142,14,49
779142,15,48
779142,16,35
779142,17,50
779142,18,23
779142,19,12
779142,20,22
779142,21,10
779142,22,5
779142,23,2
779143,0,56
779143,1,33
779143,2,23
779143,3,36
779143,4,101
779143,5,234
779143,6,512
779143,7,832
779143,8,841
779143,9,783
779143,10,924
779143,11,993
779143,12,1101
779143,13,1060
779143,14,1234
779143,15,1434
779143,16,1651
779143,17,1654
779143,18,1267
779143,19,888
779143,20,580
779143,21,358
779143,22,187
779143,23,90
779144,0,4
779144,1,4
779144,2,5
779144,3,10
779144,4,17
779144,5,57
779144,6,81
779144,7,159
779144,8,96
779144,9,75
779144,10,66
779144,11,68
779144,12,88
779144,13,79
779144,14,93
779144,15,123
779144,16,136
779144,17,115
779144,18,98
779144,19,53
779144,20,37
779144,21,39
779144,22,24
779144,23,11
779145,0,12
779145,1,13
779145,2,14
779145,3,24
779145,4,79
779145,5,194
779145,6,486
779145,7,667
779145,8,554
779145,9,340
779145,10,305
779145,11,387
779145,12,376
779145,13,379
779145,14,528
779145,15,716
779145,16,881
779145,17,886
779145,18,539
779145,19,275
779145,20,227
779145,21,125
779145,22,70
779145,23,41
779146,0,66
779146,1,40
779146,2,29
779146,3,42
779146,4,101
779146,5,262
779146,6,555
779146,7,907
779146,8,1184
779146,9,872
779146,10,999
779146,11,1029
779146,12,1139
779146,13,1192
779146,14,1397
779146,15,1641
779146,16,1733
779146,17,1690
779146,18,1345
779146,19,946
779146,20,721
779146,21,455
779146,22,234
779146,23,133
779147,0,56
779147,1,27
779147,2,22
779147,3,46
779147,4,104
779147,5,195
779147,6,378
779147,7,494
779147,8,457
779147,9,340
779147,10,352
779147,11,374
779147,12,407
779147,13,461
779147,14,540
779147,15,612
779147,16,689
779147,17,673
779147,18,611
779147,19,469
779147,20,356
779147,21,235
779147,22,141
779147,23,84
779149,0,27
779149,1,12
779149,2,11
779149,3,10
779149,4,43
779149,5,99
779149,6,201
779149,7,221
779149,8,146
779149,9,146
779149,10,137
779149,11,161
779149,12,185
779149,13,170
779149,14,225
779149,15,266
779149,16,285
779149,17,301
779149,18,229
779149,19,184
779149,20,129
779149,21,105
779149,22,52
779149,23,22
779150,0,70
779150,1,40
779150,2,38
779150,3,84
779150,4,214
779150,5,337
779150,6,585
779150,7,588
779150,8,517
779150,9,434
779150,10,385
779150,11,482
779150,12,482
779150,13,578
779150,14,699
779150,15,835
779150,16,816
779150,17,802
779150,18,737
779150,19,581
779150,20,435
779150,21,285
779150,22,166
779150,23,102
779151,0,27
779151,1,15
779151,2,12
779151,3,29
779151,4,59
779151,5,147
779151,6,276
779151,7,291
779151,8,318
779151,9,169
779151,10,166
779151,11,174
779151,12,197
779151,13,204
779151,14,294
779151,15,367
779151,16,475
779151,17,432
779151,18,361
779151,19,223
779151,20,188
779151,21,136
779151,22,70
779151,23,40
779152,0,80
779152,1,51
779152,2,48
779152,3,115
779152,4,281
779152,5,490
779152,6,818
779152,7,822
779152,8,781
779152,9,584
779152,10,513
779152,11,609
779152,12,645
779152,13,727
779152,14,888
779152,15,1113
779152,16,1149
779152,17,1161
779152,18,965
779152,19,738
779152,20,584
779152,21,383
779152,22,217
779152,23,139
779153,0,12
779153,1,8
779153,2,8
779153,3,8
779153,4,29
779153,5,63
779153,6,103
779153,7,114
779153,8,115
779153,9,79
779153,10,78
779153,11,81
779153,12,83
779153,13,88
779153,14,130
779153,15,127
779153,16,151
779153,17,149
779153,18,146
779153,19,107
779153,20,108
779153,21,60
779153,22,40
779153,23,29
779154,0,11
779154,1,13
779154,2,17
779154,3,29
779154,4,70
779154,5,120
779154,6,208
779154,7,449
779154,8,282
779154,9,272
779154,10,276
779154,11,375
779154,12,381
779154,13,397
779154,14,507
779154,15,586
779154,16,618
779154,17,611
779154,18,530
779154,19,293
779154,20,220
779154,21,154
779154,22,89
779154,23,53
779155,0,90
779155,1,48
779155,2,45
779155,3,62
779155,4,154
779155,5,314
779155,6,712
779155,7,840
779155,8,763
779155,9,778
779155,10,868
779155,11,911
779155,12,1020
779155,13,1023
779155,14,1102
779155,15,1307
779155,16,1518
779155,17,1520
779155,18,1285
779155,19,859
779155,20,651
779155,21,406
779155,22,211
779155,23,151
779157,0,9
779157,1,5
779157,2,3
779157,3,10
779157,4,18
779157,5,38
779157,6,67
779157,7,87
779157,8,80
779157,9,77
779157,10,106
779157,11,99
779157,12,113
779157,13,114
779157,14,96
779157,15,143
779157,16,154
779157,17,149
779157,18,133
779157,19,134
779157,20,81
779157,21,69
779157,22,30
779157,23,10
779158,0,57
779158,1,35
779158,2,29
779158,3,46
779158,4,114
779158,5,276
779158,6,595
779158,7,827
779158,8,948
779158,9,832
779158,10,977
779158,11,1030
779158,12,1106
779158,13,1130
779158,14,1344
779158,15,1483
779158,16,1594
779158,17,1570
779158,18,1210
779158,19,874
779158,20,646
779158,21,400
779158,22,205
779158,23,115
779159,0,2
779159,1,1
779159,2,1
779159,3,4
779159,4,7
779159,5,14
779159,6,19
779159,7,24
779159,8,20
779159,9,19
779159,10,21
779159,11,23
779159,12,20
779159,13,45
779159,14,23
779159,15,27
779159,16,32
779159,17,39
779159,18,26
779159,19,18
779159,20,12
779159,21,8
779159,22,5
779159,23,2
779160,0,28
779160,1,17
779160,2,20
779160,3,23
779160,4,72
779160,5,182
779160,6,312
779160,7,442
779160,8,341
779160,9,246
779160,10,263
779160,11,301
779160,12,303
779160,13,337
779160,14,415
779160,15,463
779160,16,569
779160,17,484
779160,18,376
779160,19,255
779160,20,211
779160,21,117
779160,22,68
779160,23,51
779161,0,118
779161,1,56
779161,2,55
779161,3,70
779161,4,186
779161,5,460
779161,6,689
779161,7,734
779161,8,686
779161,9,712
779161,10,764
779161,11,771
779161,12,782
779161,13,813
779161,14,938
779161,15,1082
779161,16,1222
779161,17,1233
779161,18,1065
779161,19,775
779161,20,633
779161,21,479
779161,22,274
779161,23,195
779164,0,1
779164,1,4
779164,2,1
779164,3,8
779164,4,14
779164,5,11
779164,6,18
779164,7,15
779164,8,24
779164,9,27
779164,10,23
779164,11,25
779164,12,19
779164,13,24
779164,14,39
779164,15,42
779164,16,42
779164,17,39
779164,18,33
779164,19,19
779164,20,16
779164,21,5
779164,22,3
779164,23,7
779165,0,10
779165,1,10
779165,2,13
779165,3,16
779165,4,53
779165,5,91
779165,6,168
779165,7,283
779165,8,230
779165,9,157
779165,10,178
779165,11,179
779165,12,212
779165,13,197
779165,14,293
779165,15,319
779165,16,334
779165,17,354
779165,18,306
779165,19,215
779165,20,174
779165,21,95
779165,22,43
779165,23,43
779166,0,5
779166,1,4
779166,2,3
779166,3,1
779166,4,9
779166,5,12
779166,6,32
779166,7,34
779166,8,33
779166,9,41
779166,10,36
779166,11,44
779166,12,44
779166,13,49
779166,14,51
779166,15,72
779166,16,70
779166,17,57
779166,18,53
779166,19,42
779166,20,29
779166,21,16
779166,22,10
779166,23,5
779167,0,3
779167,1,0
779167,2,2
779167,3,1
779167,4,1
779167,5,9
779167,6,8
779167,7,16
779167,8,16
779167,9,10
779167,10,10
779167,11,11
779167,12,15
779167,13,19
779167,14,20
779167,15,16
779167,16,21
779167,17,23
779167,18,19
779167,19,9
779167,20,12
779167,21,7
779167,22,5
779167,23,1
779168,0,9
779168,1,6
779168,2,6
779168,3,12
779168,4,21
779168,5,41
779168,6,53
779168,7,67
779168,8,57
779168,9,56
779168,10,71
779168,11,63
779168,12,66
779168,13,76
779168,14,75
779168,15,95
779168,16,99
779168,17,96
779168,18,100
779168,19,66
779168,20,40
779168,21,26
779168,22,16
779168,23,6
779169,0,7
779169,1,1
779169,2,1
779169,3,9
779169,4,20
779169,5,35
779169,6,72
779169,7,81
779169,8,105
779169,9,93
779169,10,92
779169,11,107
779169,12,110
779169,13,124
779169,14,121
779169,15,105
779169,16,128
779169,17,108
779169,18,96
779169,19,73
779169,20,44
779169,21,21
779169,22,11
779169,23,8
779170,0,8
779170,1,6
779170,2,2
779170,3,13
779170,4,35
779170,5,59
779170,6,105
779170,7,139
779170,8,118
779170,9,105
779170,10,95
779170,11,94
779170,12,121
779170,13,129
779170,14,145
779170,15,151
779170,16,165
779170,17,175
779170,18,127
779170,19,113
779170,20,110
779170,21,65
779170,22,40
779170,23,21
779171,0,1
779171,1,0
779171,2,2
779171,3,4
779171,4,7
779171,5,30
779171,6,33
779171,7,70
779171,8,41
779171,9,37
779171,10,48
779171,11,69
779171,12,62
779171,13,50
779171,14,80
779171,15,57
779171,16,79
779171,17,59
779171,18,51
779171,19,33
779171,20,38
779171,21,14
779171,22,7
779171,23,3
779172,0,19
779172,1,12
779172,2,3
779172,3,17
779172,4,51
779172,5,123
779172,6,234
779172,7,279
779172,8,251
779172,9,201
779172,10,171
779172,11,195
779172,12,224
779172,13,226
779172,14,264
779172,15,291
779172,16,359
779172,17,404
779172,18,257
779172,19,196
779172,20,174
779172,21,107
779172,22,73
779172,23,38
779173,0,50
779173,1,44
779173,2,46
779173,3,68
779173,4,185
779173,5,408
779173,6,585
779173,7,712
779173,8,495
779173,9,503
779173,10,502
779173,11,493
779173,12,487
779173,13,556
779173,14,663
779173,15,754
779173,16,781
779173,17,750
779173,18,466
779173,19,279
779173,20,232
779173,21,192
779173,22,125
779173,23,68
779174,0,127
779174,1,134
779174,2,157
779174,3,188
779174,4,328
779174,5,639
779174,6,1053
779174,7,1194
779174,8,1065
779174,9,1069
779174,10,1151
779174,11,960
779174,12,1054
779174,13,1110
779174,14,1216
779174,15,1315
779174,16,1505
779174,17,1389
779174,18,904
779174,19,685
779174,20,583
779174,21,399
779174,22,271
779174,23,211
779175,0,41
779175,1,24
779175,2,24
779175,3,52
779175,4,123
779175,5,208
779175,6,394
779175,7,612
779175,8,509
779175,9,407
779175,10,410
779175,11,444
779175,12,480
779175,13,518
779175,14,703
779175,15,765
779175,16,871
779175,17,869
779175,18,796
779175,19,599
779175,20,393
779175,21,269
779175,22,127
779175,23,72
779176,0,20
779176,1,9
779176,2,10
779176,3,18
779176,4,64
779176,5,95
779176,6,141
779176,7,181
779176,8,168
779176,9,127
779176,10,114
779176,11,127
779176,12,149
779176,13,140
779176,14,193
779176,15,226
779176,16,209
779176,17,241
779176,18,208
779176,19,140
779176,20,121
779176,21,107
779176,22,46
779176,23,36
779177,0,37
779177,1,40
779177,2,24
779177,3,25
779177,4,95
779177,5,169
779177,6,460
779177,7,803
779177,8,770
779177,9,621
779177,10,602
779177,11,645
779177,12,695
779177,13,670
779177,14,899
779177,15,1048
779177,16,1102
779177,17,1076
779177,18,976
779177,19,637
779177,20,575
779177,21,341
779177,22,161
779177,23,99
779178,0,31
779178,1,21
779178,2,15
779178,3,26
779178,4,96
779178,5,134
779178,6,259
779178,7,260
779178,8,262
779178,9,197
779178,10,178
779178,11,229
779178,12,263
779178,13,237
779178,14,324
779178,15,396
779178,16,456
779178,17,445
779178,18,404
779178,19,288
779178,20,223
779178,21,157
779178,22,74
779178,23,39
779179,0,10
779179,1,8
779179,2,8
779179,3,11
779179,4,29
779179,5,47
779179,6,96
779179,7,113
779179,8,111
779179,9,59
779179,10,57
779179,11,68
779179,12,85
779179,13,80
779179,14,107
779179,15,112
779179,16,146
779179,17,151
779179,18,136
779179,19,108
779179,20,95
779179,21,69
779179,22,40
779179,23,16
779180,0,52
779180,1,36
779180,2,27
779180,3,61
779180,4,150
779180,5,213
779180,6,418
779180,7,604
779180,8,770
779180,9,436
779180,10,367
779180,11,468
779180,12,500
779180,13,489
779180,14,734
779180,15,882
779180,16,876
779180,17,828
779180,18,757
779180,19,613
779180,20,481
779180,21,318
779180,22,193
779180,23,107
779181,0,11
779181,1,2
779181,2,0
779181,3,11
779181,4,21
779181,5,27
779181,6,65
779181,7,88
779181,8,88
779181,9,82
779181,10,93
779181,11,61
779181,12,70
779181,13,73
779181,14,76
779181,15,116
779181,16,127
779181,17,156
779181,18,89
779181,19,74
779181,20,104
779181,21,30
779181,22,11
779181,23,8
779182,0,3
779182,1,2
779182,2,1
779182,3,1
779182,4,2
779182,5,6
779182,6,16
779182,7,36
779182,8,54
779182,9,36
779182,10,29
779182,11,31
779182,12,37
779182,13,38
779182,14,40
779182,15,68
779182,16,53
779182,17,50
779182,18,50
779182,19,24
779182,20,22
779182,21,8
779182,22,2
779182,23,6
779183,0,16
779183,1,9
779183,2,4
779183,3,5
779183,4,30
779183,5,31
779183,6,63
779183,7,114
779183,8,85
779183,9,61
779183,10,69
779183,11,85
779183,12,85
779183,13,96
779183,14,128
779183,15,136
779183,16,141
779183,17,180
779183,18,152
779183,19,87
779183,20,86
779183,21,45
779183,22,19
779183,23,27
779184,0,13
779184,1,3
779184,2,1
779184,3,8
779184,4,8
779184,5,10
779184,6,15
779184,7,35
779184,8,47
779184,9,56
779184,10,55
779184,11,60
779184,12,31
779184,13,70
779184,14,67
779184,15,75
779184,16,82
779184,17,75
779184,18,50
779184,19,45
779184,20,32
779184,21,24
779184,22,6
779184,23,12
779185,0,46
779185,1,42
779185,2,47
779185,3,53
779185,4,118
779185,5,236
779185,6,415
779185,7,431
779185,8,412
779185,9,437
779185,10,345
779185,11,451
779185,12,347
779185,13,365
779185,14,397
779185,15,451
779185,16,517
779185,17,460
779185,18,391
779185,19,314
779185,20,253
779185,21,161
779185,22,88
779185,23,89
779187,0,21
779187,1,13
779187,2,15
779187,3,26
779187,4,60
779187,5,136
779187,6,312
779187,7,562
779187,8,408
779187,9,306
779187,10,309
779187,11,359
779187,12,409
779187,13,458
779187,14,580
779187,15,603
779187,16,769
779187,17,804
779187,18,675
779187,19,463
779187,20,326
779187,21,192
779187,22,77
779187,23,46
779188,0,22
779188,1,15
779188,2,14
779188,3,36
779188,4,104
779188,5,182
779188,6,411
779188,7,777
779188,8,495
779188,9,427
779188,10,408
779188,11,484
779188,12,528
779188,13,554
779188,14,747
779188,15,831
779188,16,960
779188,17,936
779188,18,789
779188,19,583
779188,20,371
779188,21,223
779188,22,118
779188,23,52
779189,0,37
779189,1,27
779189,2,15
779189,3,28
779189,4,91
779189,5,179
779189,6,359
779189,7,468
779189,8,430
779189,9,371
779189,10,380
779189,11,401
779189,12,401
779189,13,420
779189,14,603
779189,15,588
779189,16,623
779189,17,712
779189,18,676
779189,19,442
779189,20,326
779189,21,227
779189,22,137
779189,23,67
779191,0,58
779191,1,42
779191,2,38
779191,3,72
779191,4,199
779191,5,459
779191,6,824
779191,7,1216
779191,8,963
779191,9,807
779191,10,944
779191,11,995
779191,12,1016
779191,13,962
779191,14,1073
779191,15,1306
779191,16,1445
779191,17,1385
779191,18,1155
779191,19,870
779191,20,670
779191,21,424
779191,22,224
779191,23,142
779192,0,10
779192,1,6
779192,2,7
779192,3,29
779192,4,47
779192,5,100
779192,6,140
779192,7,183
779192,8,329
779192,9,161
779192,10,168
779192,11,177
779192,12,171
779192,13,203
779192,14,295
779192,15,293
779192,16,286
779192,17,302
779192,18,204
779192,19,161
779192,20,143
779192,21,88
779192,22,41
779192,23,16
779194,0,7
779194,1,5
779194,2,5
779194,3,6
779194,4,20
779194,5,41
779194,6,82
779194,7,172
779194,8,141
779194,9,119
779194,10,101
779194,11,121
779194,12,116
779194,13,172
779194,14,204
779194,15,204
779194,16,209
779194,17,192
779194,18,176
779194,19,117
779194,20,74
779194,21,70
779194,22,30
779194,23,15
779195,0,9
779195,1,8
779195,2,6
779195,3,17
779195,4,40
779195,5,40
779195,6,49
779195,7,71
779195,8,81
779195,9,62
779195,10,65
779195,11,70
779195,12,72
779195,13,74
779195,14,109
779195,15,97
779195,16,106
779195,17,103
779195,18,116
779195,19,74
779195,20,70
779195,21,50
779195,22,15
779195,23,11
779198,0,76
779198,1,48
779198,2,44
779198,3,57
779198,4,160
779198,5,322
779198,6,786
779198,7,1124
779198,8,906
779198,9,820
779198,10,849
779198,11,965
779198,12,955
779198,13,1045
779198,14,1237
779198,15,1392
779198,16,1565
779198,17,1586
779198,18,1325
779198,19,1010
779198,20,842
779198,21,511
779198,22,254
779198,23,133
779199,0,10
779199,1,9
779199,2,5
779199,3,10
779199,4,26
779199,5,63
779199,6,112
779199,7,152
779199,8,162
779199,9,69
779199,10,95
779199,11,110
779199,12,116
779199,13,112
779199,14,177
779199,15,188
779199,16,183
779199,17,218
779199,18,170
779199,19,135
779199,20,87
779199,21,55
779199,22,32
779199,23,24
779200,0,27
779200,1,12
779200,2,14
779200,3,14
779200,4,26
779200,5,73
779200,6,204
779200,7,503
779200,8,301
779200,9,292
779200,10,324
779200,11,429
779200,12,432
779200,13,473
779200,14,576
779200,15,625
779200,16,575
779200,17,597
779200,18,467
779200,19,355
779200,20,237
779200,21,179
779200,22,110
779200,23,56
779201,0,59
779201,1,44
779201,2,42
779201,3,66
779201,4,205
779201,5,422
779201,6,847
779201,7,949
779201,8,884
779201,9,844
779201,10,793
779201,11,868
779201,12,880
779201,13,900
779201,14,1102
779201,15,1173
779201,16,1383
779201,17,1255
779201,18,1122
779201,19,771
779201,20,602
779201,21,366
779201,22,167
779201,23,121
779202,0,49
779202,1,30
779202,2,46
779202,3,53
779202,4,127
779202,5,215
779202,6,465
779202,7,986
779202,8,819
779202,9,587
779202,10,662
779202,11,768
779202,12,845
779202,13,799
779202,14,1108
779202,15,1209
779202,16,1235
779202,17,1266
779202,18,1089
779202,19,841
779202,20,619
779202,21,356
779202,22,188
779202,23,97
779203,0,42
779203,1,37
779203,2,26
779203,3,33
779203,4,111
779203,5,223
779203,6,471
779203,7,836
779203,8,673
779203,9,583
779203,10,597
779203,11,726
779203,12,779
779203,13,741
779203,14,906
779203,15,1079
779203,16,1159
779203,17,1191
779203,18,1043
779203,19,643
779203,20,430
779203,21,334
779203,22,180
779203,23,84
779206,0,11
779206,1,11
779206,2,9
779206,3,12
779206,4,57
779206,5,82
779206,6,199
779206,7,351
779206,8,289
779206,9,220
779206,10,195
779206,11,217
779206,12,236
779206,13,245
779206,14,327
779206,15,394
779206,16,381
779206,17,421
779206,18,391
779206,19,246
779206,20,211
779206,21,102
779206,22,57
779206,23,40
779207,0,35
779207,1,19
779207,2,20
779207,3,39
779207,4,98
779207,5,160
779207,6,357
779207,7,574
779207,8,472
779207,9,373
779207,10,354
779207,11,379
779207,12,411
779207,13,418
779207,14,539
779207,15,608
779207,16,685
779207,17,678
779207,18,615
779207,19,499
779207,20,358
779207,21,215
779207,22,107
779207,23,71
779208,0,78
779208,1,60
779208,2,60
779208,3,78
779208,4,236
779208,5,374
779208,6,678
779208,7,867
779208,8,780
779208,9,539
779208,10,641
779208,11,747
779208,12,817
779208,13,835
779208,14,976
779208,15,1209
779208,16,1319
779208,17,1373
779208,18,1166
779208,19,824
779208,20,625
779208,21,500
779208,22,265
779208,23,143
779209,0,29
779209,1,16
779209,2,19
779209,3,32
779209,4,85
779209,5,124
779209,6,245
779209,7,289
779209,8,367
779209,9,175
779209,10,172
779209,11,220
779209,12,197
779209,13,242
779209,14,373
779209,15,332
779209,16,329
779209,17,357
779209,18,307
779209,19,256
779209,20,143
779209,21,118
779209,22,59
779209,23,51
779210,0,48
779210,1,40
779210,2,26
779210,3,42
779210,4,96
779210,5,221
779210,6,480
779210,7,759
779210,8,573
779210,9,567
779210,10,606
779210,11,770
779210,12,828
779210,13,772
779210,14,931
779210,15,1082
779210,16,1173
779210,17,1187
779210,18,997
779210,19,623
779210,20,454
779210,21,338
779210,22,172
779210,23,80
779211,0,51
779211,1,28
779211,2,25
779211,3,37
779211,4,121
779211,5,234
779211,6,657
779211,7,840
779211,8,771
779211,9,638
779211,10,670
779211,11,749
779211,12,779
779211,13,796
779211,14,870
779211,15,917
779211,16,1003
779211,17,1048
779211,18,913
779211,19,747
779211,20,525
779211,21,369
779211,22,151
779211,23,99
779212,0,66
779212,1,30
779212,2,39
779212,3,58
779212,4,187
779212,5,325
779212,6,698
779212,7,916
779212,8,792
779212,9,652
779212,10,685
779212,11,769
779212,12,764
779212,13,803
779212,14,934
779212,15,915
779212,16,990
779212,17,985
779212,18,921
779212,19,742
779212,20,532
779212,21,381
779212,22,180
779212,23,116
779213,0,26
779213,1,13
779213,2,14
779213,3,12
779213,4,59
779213,5,129
779213,6,278
779213,7,388
779213,8,358
779213,9,300
779213,10,328
779213,11,345
779213,12,362
779213,13,355
779213,14,439
779213,15,508
779213,16,505
779213,17,445
779213,18,354
779213,19,275
779213,20,213
779213,21,145
779213,22,84
779213,23,52
779214,0,81
779214,1,58
779214,2,48
779214,3,83
779214,4,243
779214,5,479
779214,6,892
779214,7,1216
779214,8,1082
779214,9,848
779214,10,812
779214,11,930
779214,12,1008
779214,13,997
779214,14,1217
779214,15,1268
779214,16,1238
779214,17,1249
779214,18,1121
779214,19,837
779214,20,704
779214,21,421
779214,22,225
779214,23,153
779215,0,33
779215,1,31
779215,2,24
779215,3,33
779215,4,115
779215,5,201
779215,6,461
779215,7,867
779215,8,550
779215,9,432
779215,10,518
779215,11,546
779215,12,584
779215,13,570
779215,14,822
779215,15,790
779215,16,831
779215,17,863
779215,18,710
779215,19,473
779215,20,342
779215,21,191
779215,22,132
779215,23,70
779216,0,116
779216,1,76
779216,2,69
779216,3,124
779216,4,359
779216,5,638
779216,6,1298
779216,7,1759
779216,8,1467
779216,9,1183
779216,10,1217
779216,11,1323
779216,12,1429
779216,13,1503
779216,14,1686
779216,15,1665
779216,16,1759
779216,17,1731
779216,18,1576
779216,19,1249
779216,20,914
779216,21,629
779216,22,343
779216,23,209
779217,0,152
779217,1,100
779217,2,104
779217,3,172
779217,4,491
779217,5,853
779217,6,1377
779217,7,1543
779217,8,1359
779217,9,1330
779217,10,1431
779217,11,1583
779217,12,1630
779217,13,1745
779217,14,1686
779217,15,1754
779217,16,1908
779217,17,1969
779217,18,1783
779217,19,1355
779217,20,976
779217,21,754
779217,22,485
779217,23,320
779218,0,40
779218,1,34
779218,2,33
779218,3,40
779218,4,85
779218,5,164
779218,6,401
779218,7,686
779218,8,591
779218,9,604
779218,10,640
779218,11,676
779218,12,785
779218,13,738
779218,14,810
779218,15,888
779218,16,939
779218,17,953
779218,18,892
779218,19,652
779218,20,544
779218,21,346
779218,22,170
779218,23,104
779219,0,132
779219,1,90
779219,2,91
779219,3,156
779219,4,438
779219,5,800
779219,6,1451
779219,7,1676
779219,8,1561
779219,9,1345
779219,10,1324
779219,11,1366
779219,12,1443
779219,13,1561
779219,14,1753
779219,15,1820
779219,16,1879
779219,17,1882
779219,18,1873
779219,19,1341
779219,20,1153
779219,21,741
779219,22,378
779219,23,220
779221,0,127
779221,1,104
779221,2,86
779221,3,161
779221,4,498
779221,5,891
779221,6,1573
779221,7,1961
779221,8,1639
779221,9,1406
779221,10,1553
779221,11,1682
779221,12,1667
779221,13,1755
779221,14,1896
779221,15,2129
779221,16,2082
779221,17,2180
779221,18,1938
779221,19,1428
779221,20,1090
779221,21,762
779221,22,391
779221,23,260
779222,0,6
779222,1,7
779222,2,3
779222,3,5
779222,4,19
779222,5,41
779222,6,80
779222,7,132
779222,8,177
779222,9,183
779222,10,191
779222,11,214
779222,12,264
779222,13,226
779222,14,222
779222,15,282
779222,16,269
779222,17,328
779222,18,246
779222,19,169
779222,20,91
779222,21,39
779222,22,19
779222,23,17
779224,0,12
779224,1,7
779224,2,4
779224,3,13
779224,4,26
779224,5,48
779224,6,86
779224,7,132
779224,8,112
779224,9,89
779224,10,108
779224,11,93
779224,12,89
779224,13,108
779224,14,147
779224,15,149
779224,16,169
779224,17,156
779224,18,155
779224,19,80
779224,20,103
779224,21,68
779224,22,32
779224,23,25
779227,0,51
779227,1,44
779227,2,64
779227,3,44
779227,4,80
779227,5,122
779227,6,267
779227,7,244
779227,8,252
779227,9,217
779227,10,245
779227,11,193
779227,12,239
779227,13,204
779227,14,230
779227,15,253
779227,16,270
779227,17,310
779227,18,290
779227,19,187
779227,20,136
779227,21,107
779227,22,82
779227,23,80
779228,0,6
779228,1,1
779228,2,4
779228,3,4
779228,4,15
779228,5,28
779228,6,25
779228,7,26
779228,8,24
779228,9,28
779228,10,32
779228,11,21
779228,12,29
779228,13,28
779228,14,32
779228,15,43
779228,16,44
779228,17,40
779228,18,33
779228,19,21
779228,20,15
779228,21,11
779228,22,7
779228,23,5
779230,0,8
779230,1,1
779230,2,2
779230,3,3
779230,4,10
779230,5,33
779230,6,56
779230,7,73
779230,8,100
779230,9,81
779230,10,69
779230,11,87
779230,12,84
779230,13,99
779230,14,109
779230,15,139
779230,16,115
779230,17,109
779230,18,102
779230,19,56
779230,20,33
779230,21,31
779230,22,10
779230,23,5
779231,0,1
779231,1,1
779231,2,1
779231,3,3
779231,4,2
779231,5,5
779231,6,7
779231,7,16
779231,8,4
779231,9,13
779231,10,10
779231,11,6
779231,12,10
779231,13,7
779231,14,13
779231,15,20
779231,16,11
779231,17,11
779231,18,15
779231,19,7
779231,20,4
779231,21,6
779231,22,3
779231,23,0
779234,0,5
779234,1,1
779234,2,1
779234,3,7
779234,4,22
779234,5,28
779234,6,55
779234,7,68
779234,8,55
779234,9,43
779234,10,48
779234,11,60
779234,12,45
779234,13,53
779234,14,57
779234,15,71
779234,16,71
779234,17,68
779234,18,61
779234,19,43
779234,20,31
779234,21,14
779234,22,12
779234,23,12
779236,0,3
779236,1,2
779236,2,0
779236,3,7
779236,4,15
779236,5,24
779236,6,40
779236,7,69
779236,8,76
779236,9,104
779236,10,142
779236,11,146
779236,12,158
779236,13,167
779236,14,193
779236,15,236
779236,16,260
779236,17,275
779236,18,193
779236,19,136
779236,20,96
779236,21,60
779236,22,28
779236,23,10
779238,0,7
779238,1,2
779238,2,5
779238,3,9
779238,4,13
779238,5,27
779238,6,67
779238,7,75
779238,8,92
779238,9,157
779238,10,164
779238,11,149
779238,12,186
779238,13,209
779238,14,164
779238,15,170
779238,16,192
779238,17,215
779238,18,150
779238,19,121
779238,20,61
779238,21,40
779238,22,21
779238,23,10
779239,0,9
779239,1,9
779239,2,6
779239,3,8
779239,4,22
779239,5,28
779239,6,50
779239,7,74
779239,8,57
779239,9,55
779239,10,86
779239,11,88
779239,12,120
779239,13,122
779239,14,148
779239,15,185
779239,16,182
779239,17,218
779239,18,151
779239,19,153
779239,20,111
779239,21,70
779239,22,25
779239,23,18
779242,0,66
779242,1,38
779242,2,34
779242,3,82
779242,4,175
779242,5,347
779242,6,532
779242,7,729
779242,8,673
779242,9,642
779242,10,594
779242,11,736
779242,12,789
779242,13,765
779242,14,791
779242,15,908
779242,16,929
779242,17,947
779242,18,882
779242,19,660
779242,20,552
779242,21,375
779242,22,212
779242,23,109
779244,0,33
779244,1,24
779244,2,19
779244,3,54
779244,4,158
779244,5,307
779244,6,732
779244,7,1035
779244,8,701
779244,9,813
779244,10,633
779244,11,634
779244,12,795
779244,13,821
779244,14,1032
779244,15,1042
779244,16,1108
779244,17,1090
779244,18,976
779244,19,570
779244,20,497
779244,21,355
779244,22,105
779244,23,90
779245,0,9
779245,1,10
779245,2,4
779245,3,20
779245,4,31
779245,5,69
779245,6,251
779245,7,382
779245,8,192
779245,9,205
779245,10,164
779245,11,184
779245,12,233
779245,13,234
779245,14,361
779245,15,311
779245,16,310
779245,17,261
779245,18,229
779245,19,156
779245,20,112
779245,21,80
779245,22,56
779245,23,21
779246,0,65
779246,1,38
779246,2,30
779246,3,43
779246,4,100
779246,5,187
779246,6,287
779246,7,371
779246,8,351
779246,9,357
779246,10,375
779246,11,451
779246,12,477
779246,13,468
779246,14,517
779246,15,574
779246,16,641
779246,17,741
779246,18,621
779246,19,496
779246,20,398
779246,21,282
779246,22,215
779246,23,125
779255,0,5
779255,1,5
779255,2,3
779255,3,7
779255,4,13
779255,5,18
779255,6,35
779255,7,54
779255,8,40
779255,9,47
779255,10,39
779255,11,49
779255,12,35
779255,13,55
779255,14,50
779255,15,56
779255,16,65
779255,17,65
779255,18,51
779255,19,41
779255,20,29
779255,21,14
779255,22,8
779255,23,6
779256,0,74
779256,1,35
779256,2,36
779256,3,49
779256,4,183
779256,5,374
779256,6,722
779256,7,1084
779256,8,1065
779256,9,948
779256,10,1030
779256,11,1187
779256,12,1093
779256,13,1128
779256,14,1432
779256,15,1498
779256,16,1555
779256,17,1487
779256,18,1251
779256,19,893
779256,20,668
779256,21,413
779256,22,208
779256,23,145
779258,0,34
779258,1,30
779258,2,32
779258,3,41
779258,4,112
779258,5,209
779258,6,438
779258,7,647
779258,8,560
779258,9,424
779258,10,366
779258,11,472
779258,12,434
779258,13,423
779258,14,507
779258,15,614
779258,16,697
779258,17,641
779258,18,509
779258,19,388
779258,20,370
779258,21,225
779258,22,136
779258,23,83
779259,0,7
779259,1,2
779259,2,0
779259,3,1
779259,4,4
779259,5,18
779259,6,31
779259,7,40
779259,8,82
779259,9,66
779259,10,46
779259,11,46
779259,12,60
779259,13,55
779259,14,42
779259,15,74
779259,16,57
779259,17,47
779259,18,40
779259,19,22
779259,20,12
779259,21,8
779259,22,4
779259,23,4
779261,0,6
779261,1,3
779261,2,2
779261,3,3
779261,4,15
779261,5,40
779261,6,62
779261,7,88
779261,8,167
779261,9,90
779261,10,76
779261,11,102
779261,12,80
779261,13,104
779261,14,110
779261,15,169
779261,16,140
779261,17,144
779261,18,103
779261,19,60
779261,20,32
779261,21,33
779261,22,12
779261,23,11
779262,0,32
779262,1,23
779262,2,14
779262,3,27
779262,4,88
779262,5,147
779262,6,241
779262,7,365
779262,8,353
779262,9,301
779262,10,261
779262,11,310
779262,12,289
779262,13,296
779262,14,363
779262,15,451
779262,16,456
779262,17,464
779262,18,328
779262,19,297
779262,20,241
779262,21,173
779262,22,90
779262,23,61
779263,0,16
779263,1,5
779263,2,3
779263,3,7
779263,4,27
779263,5,56
779263,6,76
779263,7,134
779263,8,128
779263,9,102
779263,10,109
779263,11,105
779263,12,112
779263,13,87
779263,14,130
779263,15,182
779263,16,224
779263,17,189
779263,18,113
779263,19,82
779263,20,57
779263,21,50
779263,22,31
779263,23,16
779264,0,35
779264,1,22
779264,2,19
779264,3,37
779264,4,116
779264,5,173
779264,6,291
779264,7,391
779264,8,336
779264,9,319
779264,10,299
779264,11,352
779264,12,356
779264,13,317
779264,14,448
779264,15,476
779264,16,538
779264,17,562
779264,18,481
779264,19,436
779264,20,357
779264,21,224
779264,22,137
779264,23,77
779267,0,57
779267,1,38
779267,2,50
779267,3,48
779267,4,140
779267,5,247
779267,6,412
779267,7,608
779267,8,542
779267,9,485
779267,10,456
779267,11,528
779267,12,547
779267,13,532
779267,14,640
779267,15,760
779267,16,722
779267,17,781
779267,18,738
779267,19,605
779267,20,476
779267,21,336
779267,22,181
779267,23,133
779276,0,3
779276,1,7
779276,2,6
779276,3,5
779276,4,15
779276,5,35
779276,6,29
779276,7,44
779276,8,32
779276,9,45
779276,10,61
779276,11,52
779276,12,55
779276,13,49
779276,14,74
779276,15,90
779276,16,83
779276,17,98
779276,18,73
779276,19,52
779276,20,44
779276,21,35
779276,22,11
779276,23,8
779277,0,3
779277,1,2
779277,2,3
779277,3,3
779277,4,14
779277,5,17
779277,6,69
779277,7,156
779277,8,38
779277,9,32
779277,10,38
779277,11,36
779277,12,52
779277,13,43
779277,14,83
779277,15,77
779277,16,82
779277,17,54
779277,18,49
779277,19,43
779277,20,23
779277,21,19
779277,22,9
779277,23,2
779278,0,31
779278,1,25
779278,2,19
779278,3,53
779278,4,156
779278,5,283
779278,6,540
779278,7,576
779278,8,525
779278,9,517
779278,10,444
779278,11,458
779278,12,533
779278,13,549
779278,14,661
779278,15,708
779278,16,852
779278,17,859
779278,18,642
779278,19,424
779278,20,370
779278,21,196
779278,22,100
779278,23,77
779279,0,1
779279,1,1
779279,2,2
779279,3,1
779279,4,6
779279,5,3
779279,6,11
779279,7,14
779279,8,15
779279,9,14
779279,10,15
779279,11,16
779279,12,13
779279,13,11
779279,14,13
779279,15,19
779279,16,24
779279,17,20
779279,18,16
779279,19,9
779279,20,7
779279,21,4
779279,22,1
779279,23,3
779280,0,4
779280,1,0
779280,2,1
779280,3,2
779280,4,5
779280,5,3
779280,6,21
779280,7,27
779280,8,26
779280,9,22
779280,10,16
779280,11,19
779280,12,21
779280,13,23
779280,14,33
779280,15,40
779280,16,45
779280,17,30
779280,18,11
779280,19,24
779280,20,20
779280,21,11
779280,22,5
779280,23,9
779281,0,1
779281,1,8
779281,2,4
779281,3,9
779281,4,20
779281,5,39
779281,6,83
779281,7,108
779281,8,136
779281,9,51
779281,10,68
779281,11,60
779281,12,81
779281,13,79
779281,14,116
779281,15,156
779281,16,140
779281,17,106
779281,18,110
779281,19,58
779281,20,49
779281,21,32
779281,22,16
779281,23,14
779282,0,14
779282,1,10
779282,2,6
779282,3,16
779282,4,21
779282,5,85
779282,6,167
779282,7,290
779282,8,310
779282,9,245
779282,10,303
779282,11,389
779282,12,410
779282,13,374
779282,14,420
779282,15,537
779282,16,540
779282,17,553
779282,18,439
779282,19,345
779282,20,293
779282,21,153
779282,22,45
779282,23,45
779287,0,16
779287,1,3
779287,2,5
779287,3,4
779287,4,21
779287,5,38
779287,6,208
779287,7,300
779287,8,262
779287,9,205
779287,10,246
779287,11,312
779287,12,265
779287,13,363
779287,14,365
779287,15,465
779287,16,449
779287,17,499
779287,18,378
779287,19,263
779287,20,189
779287,21,104
779287,22,42
779287,23,29
779288,0,16
779288,1,10
779288,2,14
779288,3,17
779288,4,60
779288,5,106
779288,6,295
779288,7,427
779288,8,427
779288,9,334
779288,10,386
779288,11,424
779288,12,394
779288,13,500
779288,14,542
779288,15,650
779288,16,657
779288,17,719
779288,18,551
779288,19,401
779288,20,257
779288,21,149
779288,22,69
779288,23,43
779289,0,41
779289,1,25
779289,2,27
779289,3,30
779289,4,84
779289,5,183
779289,6,405
779289,7,632
779289,8,627
779289,9,403
779289,10,467
779289,11,494
779289,12,483
779289,13,524
779289,14,649
779289,15,791
779289,16,770
779289,17,801
779289,18,716
779289,19,545
779289,20,372
779289,21,247
779289,22,117
779289,23,82
779290,0,43
779290,1,25
779290,2,34
779290,3,39
779290,4,119
779290,5,210
779290,6,412
779290,7,582
779290,8,559
779290,9,557
779290,10,545
779290,11,598
779290,12,637
779290,13,639
779290,14,787
779290,15,898
779290,16,1083
779290,17,1184
779290,18,915
779290,19,557
779290,20,349
779290,21,235
779290,22,123
779290,23,65
779291,0,41
779291,1,32
779291,2,33
779291,3,48
779291,4,139
779291,5,388
779291,6,665
779291,7,704
779291,8,570
779291,9,580
779291,10,534
779291,11,599
779291,12,577
779291,13,654
779291,14,720
779291,15,830
779291,16,1045
779291,17,957
779291,18,512
779291,19,299
779291,20,202
779291,21,152
779291,22,110
779291,23,76
779292,0,49
779292,1,23
779292,2,22
779292,3,38
779292,4,133
779292,5,550
779292,6,731
779292,7,791
779292,8,489
779292,9,390
779292,10,364
779292,11,498
779292,12,510
779292,13,493
779292,14,669
779292,15,1042
779292,16,1083
779292,17,1033
779292,18,646
779292,19,300
779292,20,226
779292,21,172
779292,22,87
779292,23,60
779293,0,27
779293,1,10
779293,2,8
779293,3,10
779293,4,65
779293,5,361
779293,6,602
779293,7,471
779293,8,347
779293,9,276
779293,10,284
779293,11,321
779293,12,319
779293,13,318
779293,14,404
779293,15,677
779293,16,786
779293,17,717
779293,18,520
779293,19,224
779293,20,173
779293,21,119
779293,22,66
779293,23,43
779294,0,35
779294,1,19
779294,2,29
779294,3,44
779294,4,147
779294,5,428
779294,6,582
779294,7,507
779294,8,417
779294,9,406
779294,10,400
779294,11,453
779294,12,409
779294,13,462
779294,14,570
779294,15,724
779294,16,782
779294,17,695
779294,18,448
779294,19,202
779294,20,170
779294,21,123
779294,22,65
779294,23,52
779295,0,27
779295,1,21
779295,2,10
779295,3,14
779295,4,88
779295,5,150
779295,6,292
779295,7,466
779295,8,410
779295,9,398
779295,10,404
779295,11,445
779295,12,487
779295,13,444
779295,14,573
779295,15,694
779295,16,793
779295,17,859
779295,18,709
779295,19,474
779295,20,364
779295,21,207
779295,22,98
779295,23,41
779296,0,38
779296,1,20
779296,2,18
779296,3,38
779296,4,75
779296,5,152
779296,6,301
779296,7,359
779296,8,385
779296,9,361
779296,10,369
779296,11,400
779296,12,448
779296,13,435
779296,14,489
779296,15,641
779296,16,674
779296,17,722
779296,18,612
779296,19,446
779296,20,303
779296,21,194
779296,22,121
779296,23,60
779297,0,0
779297,1,1
779297,2,1
779297,3,1
779297,4,2
779297,5,2
779297,6,4
779297,7,15
779297,8,15
779297,9,4
779297,10,9
779297,11,11
779297,12,8
779297,13,6
779297,14,7
779297,15,17
779297,16,14
779297,17,7
779297,18,8
779297,19,3
779297,20,4
779297,21,5
779297,22,0
779297,23,3
779301,0,1
779301,1,0
779301,2,1
779301,3,4
779301,4,4
779301,5,10
779301,6,30
779301,7,19
779301,8,19
779301,9,20
779301,10,23
779301,11,22
779301,12,38
779301,13,23
779301,14,34
779301,15,31
779301,16,43
779301,17,28
779301,18,35
779301,19,23
779301,20,19
779301,21,6
779301,22,4
779301,23,4
779303,0,39
779303,1,18
779303,2,16
779303,3,21
779303,4,100
779303,5,200
779303,6,387
779303,7,564
779303,8,632
779303,9,376
779303,10,362
779303,11,448
779303,12,452
779303,13,423
779303,14,578
779303,15,758
779303,16,773
779303,17,751
779303,18,617
779303,19,490
779303,20,280
779303,21,222
779303,22,97
779303,23,61
779304,0,13
779304,1,11
779304,2,15
779304,3,22
779304,4,50
779304,5,92
779304,6,190
779304,7,280
779304,8,276
779304,9,191
779304,10,203
779304,11,268
779304,12,219
779304,13,223
779304,14,354
779304,15,422
779304,16,379
779304,17,376
779304,18,312
779304,19,267
779304,20,210
779304,21,114
779304,22,56
779304,23,41
779305,0,21
779305,1,9
779305,2,5
779305,3,16
779305,4,29
779305,5,74
779305,6,135
779305,7,259
779305,8,291
779305,9,143
779305,10,164
779305,11,186
779305,12,197
779305,13,172
779305,14,251
779305,15,300
779305,16,282
779305,17,285
779305,18,237
779305,19,160
779305,20,130
779305,21,91
779305,22,42
779305,23,30
779306,0,48
779306,1,24
779306,2,34
779306,3,50
779306,4,164
779306,5,354
779306,6,633
779306,7,1036
779306,8,752
779306,9,580
779306,10,570
779306,11,639
779306,12,737
779306,13,787
779306,14,1178
779306,15,1194
779306,16,1211
779306,17,1263
779306,18,1024
779306,19,825
779306,20,502
779306,21,395
779306,22,185
779306,23,116
779308,0,50
779308,1,34
779308,2,31
779308,3,74
779308,4,210
779308,5,397
779308,6,643
779308,7,1035
779308,8,751
779308,9,485
779308,10,439
779308,11,555
779308,12,577
779308,13,619
779308,14,961
779308,15,965
779308,16,966
779308,17,1001
779308,18,795
779308,19,602
779308,20,358
779308,21,266
779308,22,132
779308,23,101
779309,0,81
779309,1,53
779309,2,54
779309,3,116
779309,4,337
779309,5,566
779309,6,936
779309,7,1344
779309,8,1060
779309,9,729
779309,10,669
779309,11,798
779309,12,818
779309,13,826
779309,14,1232
779309,15,1287
779309,16,1393
779309,17,1393
779309,18,1166
779309,19,863
779309,20,557
779309,21,438
779309,22,220
779309,23,148
779310,0,84
779310,1,55
779310,2,53
779310,3,111
779310,4,335
779310,5,605
779310,6,956
779310,7,1407
779310,8,1094
779310,9,810
779310,10,769
779310,11,931
779310,12,968
779310,13,989
779310,14,1375
779310,15,1471
779310,16,1553
779310,17,1574
779310,18,1278
779310,19,948
779310,20,578
779310,21,440
779310,22,230
779310,23,152
779311,0,40
779311,1,28
779311,2,26
779311,3,50
779311,4,161
779311,5,324
779311,6,546
779311,7,1014
779311,8,704
779311,9,458
779311,10,426
779311,11,497
779311,12,559
779311,13,599
779311,14,1004
779311,15,927
779311,16,908
779311,17,938
779311,18,754
779311,19,581
779311,20,324
779311,21,260
779311,22,119
779311,23,95
779312,0,82
779312,1,55
779312,2,57
779312,3,104
779312,4,356
779312,5,585
779312,6,971
779312,7,1401
779312,8,1101
779312,9,899
779312,10,858
779312,11,918
779312,12,1048
779312,13,1078
779312,14,1354
779312,15,1433
779312,16,1564
779312,17,1512
779312,18,1366
779312,19,860
779312,20,661
779312,21,395
779312,22,231
779312,23,161
779313,0,82
779313,1,57
779313,2,51
779313,3,100
779313,4,364
779313,5,590
779313,6,995
779313,7,1428
779313,8,1097
779313,9,924
779313,10,871
779313,11,922
779313,12,1036
779313,13,1080
779313,14,1347
779313,15,1418
779313,16,1447
779313,17,1345
779313,18,1285
779313,19,816
779313,20,635
779313,21,384
779313,22,220
779313,23,151
779314,0,7
779314,1,11
779314,2,9
779314,3,10
779314,4,22
779314,5,34
779314,6,119
779314,7,1248
779314,8,174
779314,9,155
779314,10,185
779314,11,161
779314,12,220
779314,13,187
779314,14,824
779314,15,265
779314,16,357
779314,17,179
779314,18,137
779314,19,87
779314,20,91
779314,21,57
779314,22,19
779314,23,15
779315,0,4
779315,1,2
779315,2,2
779315,3,6
779315,4,8
779315,5,17
779315,6,62
779315,7,41
779315,8,54
779315,9,37
779315,10,43
779315,11,51
779315,12,54
779315,13,50
779315,14,51
779315,15,61
779315,16,87
779315,17,66
779315,18,67
779315,19,42
779315,20,32
779315,21,17
779315,22,9
779315,23,11
779316,0,1388
779316,1,899
779316,2,723
779316,3,695
779316,4,1033
779316,5,2131
779316,6,3924
779316,7,5239
779316,8,5043
779316,9,4793
779316,10,4903
779316,11,5063
779316,12,5222
779316,13,5537
779316,14,5652
779316,15,5739
779316,16,5710
779316,17,5744
779316,18,5592
779316,19,4929
779316,20,4063
779316,21,3323
779316,22,2781
779316,23,2166
779317,0,640
779317,1,442
779317,2,368
779317,3,401
779317,4,618
779317,5,1312
779317,6,2706
779317,7,4002
779317,8,3526
779317,9,3267
779317,10,3389
779317,11,3729
779317,12,3621
779317,13,3696
779317,14,4217
779317,15,4841
779317,16,5164
779317,17,5041
779317,18,4144
779317,19,3028
779317,20,2429
779317,21,1835
779317,22,1303
779317,23,1054
779318,0,1529
779318,1,965
779318,2,786
779318,3,761
779318,4,1115
779318,5,2246
779318,6,4057
779318,7,5162
779318,8,4796
779318,9,4447
779318,10,4643
779318,11,4817
779318,12,4986
779318,13,5214
779318,14,5132
779318,15,5066
779318,16,4994
779318,17,5037
779318,18,5144
779318,19,4872
779318,20,3936
779318,21,3494
779318,22,3031
779318,23,2397
779319,0,1255
779319,1,798
779319,2,674
779319,3,638
779319,4,1007
779319,5,2391
779319,6,4082
779319,7,4597
779319,8,4443
779319,9,4588
779319,10,4691
779319,11,4674
779319,12,4601
779319,13,4594
779319,14,4478
779319,15,4573
779319,16,4497
779319,17,4674
779319,18,4925
779319,19,4570
779319,20,3931
779319,21,3366
779319,22,2601
779319,23,2030
779320,0,693
779320,1,472
779320,2,396
779320,3,426
779320,4,655
779320,5,1296
779320,6,2602
779320,7,3396
779320,8,3245
779320,9,3145
779320,10,3292
779320,11,3560
779320,12,3432
779320,13,3521
779320,14,3872
779320,15,4389
779320,16,4417
779320,17,4161
779320,18,3719
779320,19,3025
779320,20,2504
779320,21,1956
779320,22,1376
779320,23,1127
779321,0,373
779321,1,271
779321,2,346
779321,3,729
779321,4,2100
779321,5,3031
779321,6,4268
779321,7,4748
779321,8,4247
779321,9,3880
779321,10,3792
779321,11,3796
779321,12,3873
779321,13,3847
779321,14,3933
779321,15,3842
779321,16,3800
779321,17,3824
779321,18,3270
779321,19,2746
779321,20,2260
779321,21,1892
779321,22,1261
779321,23,644
779322,0,440
779322,1,372
779322,2,434
779322,3,789
779322,4,2076
779322,5,4423
779322,6,4890
779322,7,4672
779322,8,4301
779322,9,3710
779322,10,3345
779322,11,3447
779322,12,3708
779322,13,3667
779322,14,3700
779322,15,3773
779322,16,3983
779322,17,3782
779322,18,2719
779322,19,2122
779322,20,1906
779322,21,1529
779322,22,1038
779322,23,659
779323,0,813
779323,1,567
779323,2,493
779323,3,494
779323,4,703
779323,5,1379
779323,6,2332
779323,7,2617
779323,8,2394
779323,9,2459
779323,10,2485
779323,11,2545
779323,12,2730
779323,13,3025
779323,14,3363
779323,15,3679
779323,16,3689
779323,17,3429
779323,18,3349
779323,19,2880
779323,20,2169
779323,21,1663
779323,22,1351
779323,23,1207
779324,0,476
779324,1,401
779324,2,447
779324,3,796
779324,4,2140
779324,5,3612
779324,6,4561
779324,7,4407
779324,8,4037
779324,9,3614
779324,10,3282
779324,11,3286
779324,12,3538
779324,13,3491
779324,14,3535
779324,15,3495
779324,16,3501
779324,17,3364
779324,18,2694
779324,19,2069
779324,20,1872
779324,21,1574
779324,22,1079
779324,23,700
779325,0,900
779325,1,544
779325,2,482
779325,3,482
779325,4,686
779325,5,1269
779325,6,2156
779325,7,2678
779325,8,2545
779325,9,2684
779325,10,2963
779325,11,3086
779325,12,3019
779325,13,3137
779325,14,3299
779325,15,3460
779325,16,3430
779325,17,3342
779325,18,3187
779325,19,2841
779325,20,2406
779325,21,1930
779325,22,1611
779325,23,1338
779326,0,329
779326,1,236
779326,2,310
779326,3,659
779326,4,2060
779326,5,2679
779326,6,3568
779326,7,3636
779326,8,3398
779326,9,3277
779326,10,3158
779326,11,3101
779326,12,3120
779326,13,3173
779326,14,3203
779326,15,3076
779326,16,3102
779326,17,3086
779326,18,2864
779326,19,2409
779326,20,2028
779326,21,1701
779326,22,1113
779326,23,582
779327,0,778
779327,1,512
779327,2,437
779327,3,431
779327,4,620
779327,5,1286
779327,6,2265
779327,7,2633
779327,8,2450
779327,9,2423
779327,10,2397
779327,11,2453
779327,12,2644
779327,13,2948
779327,14,3239
779327,15,3239
779327,16,3215
779327,17,2994
779327,18,3021
779327,19,2743
779327,20,2098
779327,21,1589
779327,22,1279
779327,23,1159
779328,0,332
779328,1,232
779328,2,215
779328,3,288
779328,4,642
779328,5,1360
779328,6,2010
779328,7,2190
779328,8,2053
779328,9,1881
779328,10,1938
779328,11,2095
779328,12,2294
779328,13,2470
779328,14,2751
779328,15,2900
779328,16,2863
779328,17,2808
779328,18,2337
779328,19,1714
779328,20,1565
779328,21,1263
779328,22,810
779328,23,556
779329,0,320
779329,1,309
779329,2,518
779329,3,1134
779329,4,2978
779329,5,2971
779329,6,2710
779329,7,2708
779329,8,2994
779329,9,2706
779329,10,2501
779329,11,2535
779329,12,2674
779329,13,2900
779329,14,2857
779329,15,2883
779329,16,2827
779329,17,2708
779329,18,2153
779329,19,1655
779329,20,1522
779329,21,1371
779329,22,860
779329,23,542
779330,0,488
779330,1,421
779330,2,484
779330,3,920
779330,4,2433
779330,5,2730
779330,6,2757
779330,7,2657
779330,8,2636
779330,9,2679
779330,10,2583
779330,11,2641
779330,12,2669
779330,13,2692
779330,14,2604
779330,15,2643
779330,16,2567
779330,17,2567
779330,18,2301
779330,19,1849
779330,20,1677
779330,21,1548
779330,22,1114
779330,23,763
779331,0,354
779331,1,271
779331,2,280
779331,3,404
779331,4,926
779331,5,2197
779331,6,3382
779331,7,3614
779331,8,3083
779331,9,2792
779331,10,2572
779331,11,2474
779331,12,2484
779331,13,2441
779331,14,2550
779331,15,2673
779331,16,2660
779331,17,2512
779331,18,2205
779331,19,1883
779331,20,1514
779331,21,1239
779331,22,869
779331,23,615
779332,0,338
779332,1,313
779332,2,542
779332,3,1333
779332,4,2924
779332,5,2786
779332,6,2686
779332,7,2678
779332,8,2713
779332,9,2661
779332,10,2641
779332,11,2505
779332,12,2609
779332,13,2804
779332,14,2629
779332,15,2647
779332,16,2538
779332,17,2509
779332,18,1992
779332,19,1566
779332,20,1356
779332,21,1282
779332,22,881
779332,23,533
779333,0,298
779333,1,290
779333,2,539
779333,3,1298
779333,4,3115
779333,5,2546
779333,6,2514
779333,7,2516
779333,8,2529
779333,9,2470
779333,10,2452
779333,11,2429
779333,12,2566
779333,13,2695
779333,14,2462
779333,15,2478
779333,16,2468
779333,17,2383
779333,18,1966
779333,19,1568
779333,20,1386
779333,21,1314
779333,22,832
779333,23,504
779334,0,481
779334,1,451
779334,2,482
779334,3,931
779334,4,2425
779334,5,2600
779334,6,2464
779334,7,2276
779334,8,2334
779334,9,2523
779334,10,2479
779334,11,2522
779334,12,2534
779334,13,2651
779334,14,2579
779334,15,2546
779334,16,2450
779334,17,2367
779334,18,2100
779334,19,1722
779334,20,1615
779334,21,1489
779334,22,1037
779334,23,732
779335,0,258
779335,1,152
779335,2,124
779335,3,116
779335,4,242
779335,5,632
779335,6,1026
779335,7,1456
779335,8,1632
779335,9,1430
779335,10,1342
779335,11,1366
779335,12,1438
779335,13,1525
779335,14,1721
779335,15,1978
779335,16,2092
779335,17,2162
779335,18,1721
779335,19,1350
779335,20,1118
779335,21,868
779335,22,600
779335,23,461
779336,0,149
779336,1,101
779336,2,174
779336,3,408
779336,4,1213
779336,5,1699
779336,6,2385
779336,7,2847
779336,8,2462
779336,9,2131
779336,10,1954
779336,11,1829
779336,12,1820
779336,13,1796
779336,14,1986
779336,15,1996
779336,16,2237
779336,17,2062
779336,18,1525
779336,19,1069
779336,20,796
779336,21,647
779336,22,413
779336,23,230
779337,0,823
779337,1,538
779337,2,448
779337,3,410
779337,4,568
779337,5,1067
779337,6,1906
779337,7,2162
779337,8,2046
779337,9,2055
779337,10,2122
779337,11,2294
779337,12,2603
779337,13,2918
779337,14,2962
779337,15,2419
779337,16,2022
779337,17,2020
779337,18,2528
779337,19,2805
779337,20,2306
779337,21,1861
779337,22,1479
779337,23,1373
779338,0,344
779338,1,336
779338,2,503
779338,3,1036
779338,4,2425
779338,5,2121
779338,6,2211
779338,7,2081
779338,8,2074
779338,9,2024
779338,10,1976
779338,11,2000
779338,12,2103
779338,13,2213
779338,14,2083
779338,15,2119
779338,16,2044
779338,17,1980
779338,18,1598
779338,19,1234
779338,20,1123
779338,21,1124
779338,22,725
779338,23,488
779339,0,232
779339,1,136
779339,2,112
779339,3,112
779339,4,240
779339,5,609
779339,6,953
779339,7,1220
779339,8,1335
779339,9,1186
779339,10,1141
779339,11,1172
779339,12,1248
779339,13,1348
779339,14,1543
779339,15,1836
779339,16,1988
779339,17,1952
779339,18,1522
779339,19,1182
779339,20,982
779339,21,760
779339,22,527
779339,23,410
779340,0,838
779340,1,524
779340,2,445
779340,3,430
779340,4,628
779340,5,1192
779340,6,2072
779340,7,2213
779340,8,2095
779340,9,2075
779340,10,2152
779340,11,2351
779340,12,2687
779340,13,2920
779340,14,2876
779340,15,2304
779340,16,1895
779340,17,1917
779340,18,2382
779340,19,2688
779340,20,2258
779340,21,1807
779340,22,1491
779340,23,1412
779341,0,234
779341,1,221
779341,2,309
779341,3,617
779341,4,1680
779341,5,2115
779341,6,2027
779341,7,1893
779341,8,2028
779341,9,1794
779341,10,1677
779341,11,1650
779341,12,1798
779341,13,1990
779341,14,2013
779341,15,2014
779341,16,2009
779341,17,1915
779341,18,1471
779341,19,994
779341,20,915
779341,21,850
779341,22,570
779341,23,388
779342,0,611
779342,1,425
779342,2,372
779342,3,406
779342,4,593
779342,5,1192
779342,6,1913
779342,7,2307
779342,8,2177
779342,9,2208
779342,10,2317
779342,11,2315
779342,12,2307
779342,13,2328
779342,14,2562
779342,15,2660
779342,16,2353
779342,17,1905
779342,18,2344
779342,19,2196
779342,20,1903
779342,21,1533
779342,22,1150
779342,23,971
779343,0,183
779343,1,110
779343,2,87
779343,3,98
779343,4,218
779343,5,532
779343,6,869
779343,7,1148
779343,8,1223
779343,9,1093
779343,10,1036
779343,11,1088
779343,12,1176
779343,13,1268
779343,14,1450
779343,15,1742
779343,16,1868
779343,17,1834
779343,18,1357
779343,19,1024
779343,20,838
779343,21,646
779343,22,434
779343,23,341
779344,0,659
779344,1,444
779344,2,382
779344,3,348
779344,4,466
779344,5,857
779344,6,1507
779344,7,1673
779344,8,1588
779344,9,1606
779344,10,1666
779344,11,1745
779344,12,1953
779344,13,2161
779344,14,2322
779344,15,2049
779344,16,1859
779344,17,1821
779344,18,2068
779344,19,2031
779344,20,1616
779344,21,1295
779344,22,1034
779344,23,965
779345,0,123
779345,1,88
779345,2,120
779345,3,258
779345,4,801
779345,5,1128
779345,6,1610
779345,7,1727
779345,8,1514
779345,9,1422
779345,10,1357
779345,11,1324
779345,12,1338
779345,13,1332
779345,14,1367
779345,15,1384
779345,16,1397
779345,17,1368
779345,18,1124
779345,19,902
779345,20,710
779345,21,575
779345,22,386
779345,23,204
779346,0,87
779346,1,61
779346,2,98
779346,3,228
779346,4,716
779346,5,1006
779346,6,1213
779346,7,1446
779346,8,1515
779346,9,1389
779346,10,1262
779346,11,1180
779346,12,1162
779346,13,1143
779346,14,1230
779346,15,1272
779346,16,1388
779346,17,1304
779346,18,954
779346,19,674
779346,20,502
779346,21,418
779346,22,266
779346,23,140
779347,0,73
779347,1,44
779347,2,60
779347,3,102
779347,4,252
779347,5,422
779347,6,546
779347,7,599
779347,8,518
779347,9,567
779347,10,551
779347,11,615
779347,12,602
779347,13,627
779347,14,636
779347,15,688
779347,16,793
779347,17,758
779347,18,634
779347,19,461
779347,20,368
779347,21,264
779347,22,189
779347,23,127
779348,0,125
779348,1,64
779348,2,53
779348,3,57
779348,4,84
779348,5,276
779348,6,412
779348,7,460
779348,8,445
779348,9,459
779348,10,454
779348,11,528
779348,12,606
779348,13,619
779348,14,777
779348,15,810
779348,16,830
779348,17,888
779348,18,823
779348,19,629
779348,20,452
779348,21,381
779348,22,282
779348,23,193
779349,0,76
779349,1,78
779349,2,92
779349,3,270
779349,4,599
779349,5,822
779349,6,1029
779349,7,862
779349,8,814
779349,9,779
779349,10,728
779349,11,774
779349,12,795
779349,13,749
779349,14,741
779349,15,715
779349,16,794
779349,17,663
779349,18,577
779349,19,424
779349,20,360
779349,21,239
779349,22,186
779349,23,113
779350,0,160
779350,1,114
779350,2,87
779350,3,121
779350,4,188
779350,5,576
779350,6,589
779350,7,609
779350,8,590
779350,9,559
779350,10,605
779350,11,722
779350,12,902
779350,13,857
779350,14,937
779350,15,1018
779350,16,1159
779350,17,1234
779350,18,1041
779350,19,750
779350,20,628
779350,21,457
779350,22,324
779350,23,245
779351,0,130
779351,1,73
779351,2,54
779351,3,64
779351,4,77
779351,5,197
779351,6,409
779351,7,624
779351,8,655
779351,9,631
779351,10,652
779351,11,704
779351,12,822
779351,13,793
779351,14,861
779351,15,1106
779351,16,1294
779351,17,1391
779351,18,1099
779351,19,749
779351,20,642
779351,21,447
779351,22,352
779351,23,215
779352,0,334
779352,1,194
779352,2,189
779352,3,193
779352,4,357
779352,5,680
779352,6,1057
779352,7,1129
779352,8,1039
779352,9,1073
779352,10,1082
779352,11,1297
779352,12,1425
779352,13,1559
779352,14,1885
779352,15,2244
779352,16,1720
779352,17,2372
779352,18,2107
779352,19,1547
779352,20,1352
779352,21,951
779352,22,714
779352,23,506
779353,0,165
779353,1,155
779353,2,215
779353,3,483
779353,4,1377
779353,5,1892
779353,6,2233
779353,7,2297
779353,8,2179
779353,9,1764
779353,10,1589
779353,11,1521
779353,12,1603
779353,13,1572
779353,14,1582
779353,15,1626
779353,16,1622
779353,17,1460
779353,18,1253
779353,19,910
779353,20,752
779353,21,575
779353,22,444
779353,23,344
779354,0,354
779354,1,216
779354,2,204
779354,3,224
779354,4,373
779354,5,706
779354,6,1075
779354,7,1215
779354,8,1169
779354,9,1190
779354,10,1191
779354,11,1452
779354,12,1525
779354,13,1626
779354,14,1873
779354,15,2019
779354,16,1208
779354,17,1668
779354,18,1925
779354,19,1525
779354,20,1287
779354,21,1014
779354,22,722
779354,23,558
779355,0,81
779355,1,43
779355,2,51
779355,3,110
779355,4,333
779355,5,633
779355,6,970
779355,7,1030
779355,8,878
779355,9,786
779355,10,726
779355,11,745
779355,12,762
779355,13,793
779355,14,795
779355,15,844
779355,16,909
779355,17,886
779355,18,735
779355,19,616
779355,20,447
779355,21,404
779355,22,275
779355,23,153
779356,0,124
779356,1,72
779356,2,69
779356,3,74
779356,4,93
779356,5,194
779356,6,458
779356,7,665
779356,8,683
779356,9,687
779356,10,646
779356,11,708
779356,12,828
779356,13,869
779356,14,1069
779356,15,1266
779356,16,1382
779356,17,1528
779356,18,1118
779356,19,841
779356,20,640
779356,21,484
779356,22,324
779356,23,279
779357,0,76
779357,1,54
779357,2,52
779357,3,107
779357,4,334
779357,5,674
779357,6,961
779357,7,1104
779357,8,960
779357,9,842
779357,10,758
779357,11,763
779357,12,873
779357,13,792
779357,14,972
779357,15,923
779357,16,987
779357,17,979
779357,18,780
779357,19,601
779357,20,469
779357,21,355
779357,22,288
779357,23,177
779358,0,84
779358,1,39
779358,2,49
779358,3,109
779358,4,343
779358,5,690
779358,6,1020
779358,7,1083
779358,8,941
779358,9,843
779358,10,793
779358,11,782
779358,12,823
779358,13,876
779358,14,882
779358,15,933
779358,16,953
779358,17,952
779358,18,773
779358,19,635
779358,20,485
779358,21,407
779358,22,293
779358,23,159
779359,0,4
779359,1,4
779359,2,4
779359,3,1
779359,4,3
779359,5,8
779359,6,26
779359,7,49
779359,8,75
779359,9,34
779359,10,24
779359,11,36
779359,12,38
779359,13,34
779359,14,52
779359,15,80
779359,16,71
779359,17,64
779359,18,48
779359,19,39
779359,20,32
779359,21,16
779359,22,6
779359,23,10
779360,0,1
779360,1,0
779360,2,1
779360,3,4
779360,4,4
779360,5,7
779360,6,10
779360,7,25
779360,8,19
779360,9,30
779360,10,25
779360,11,14
779360,12,21
779360,13,20
779360,14,20
779360,15,38
779360,16,28
779360,17,27
779360,18,20
779360,19,18
779360,20,12
779360,21,6
779360,22,3
779360,23,4
779361,0,27
779361,1,26
779361,2,18
779361,3,41
779361,4,100
779361,5,294
779361,6,441
779361,7,586
779361,8,569
779361,9,303
779361,10,244
779361,11,243
779361,12,273
779361,13,237
779361,14,337
779361,15,461
779361,16,479
779361,17,495
779361,18,367
779361,19,237
779361,20,214
779361,21,103
779361,22,70
779361,23,33
779362,0,0
779362,1,0
779362,2,0
779362,3,0
779362,4,0
779362,5,1
779362,6,0
779362,7,1
779362,8,4
779362,9,7
779362,10,2
779362,11,4
779362,12,5
779362,13,2
779362,14,8
779362,15,2
779362,16,3
779362,17,0
779362,18,4
779362,19,2
779362,20,2
779362,21,1
779362,22,1
779362,23,0
779363,0,1
779363,1,0
779363,2,0
779363,3,0
779363,4,2
779363,5,1
779363,6,5
779363,7,11
779363,8,13
779363,9,6
779363,10,10
779363,11,10
779363,12,16
779363,13,8
779363,14,10
779363,15,6
779363,16,5
779363,17,7
779363,18,4
779363,19,4
779363,20,2
779363,21,4
779363,22,0
779363,23,0
779364,0,10
779364,1,5
779364,2,4
779364,3,4
779364,4,18
779364,5,32
779364,6,56
779364,7,93
779364,8,121
779364,9,155
779364,10,204
779364,11,241
779364,12,268
779364,13,292
779364,14,263
779364,15,265
779364,16,283
779364,17,330
779364,18,276
779364,19,240
779364,20,161
779364,21,103
779364,22,47
779364,23,19
